1	769885	rs200025137	G	A	.	.	.
1	3044434	rs72846807	G	A	.	.	.
1	9503881	rs12122786	A	G,GA	.	.	.
1	14743776	rs4308970	G	A	.	.	.
1	16346533	rs66708208	C	G	.	.	.
1	17352400	rs72639738	A	G	.	.	.
1	17523286	rs2935940	G	C	.	.	.
1	26035182	rs141031181	C	T	.	.	.
1	27792206	rs58942471	T	G	.	.	.
1	27809721	rs12751856	C	G	.	.	.
1	29626143	rs74897733	G	A	.	.	.
1	31190500	rs200111696	TGTTTTG	T,TGTTTTGT,TGTTTTGTT,TT,TTT,TTTT,TTTTT,TTTTTTT	.	.	.
1	31190503	rs748744217	TTTG	T,TT,TTTT	.	.	.
1	31190504	rs781529382	TTG	T,TT,TTT	.	.	.
1	31190505	rs7551867	TG	T,TGT,TT	.	.	.
1	32985320	rs12126756	C	T	.	.	.
1	33983043	rs2794599	C	T	.	.	.
1	34558595	rs111471574	A	G	.	.	.
1	40087764	rs61781393	G	A	.	.	.
1	40767888	rs79593152	C	T	.	.	.
1	41113490	rs397788590	A	AG	.	.	.
1	42912687	rs386630713	TAA	GGC	.	.	.
1	42912688	rs111808237	A	G,T	.	.	.
1	48608972	rs78689482	C	T	.	.	.
1	52826942	rs115780455	A	T	.	.	.
1	55130976	rs200141664	AC	A	.	.	.
1	55456996	rs2433678	T	C	.	.	.
1	56324542	rs12034199	A	G	.	.	.
1	60071530	rs75691626	G	A	.	.	.
1	65519243	rs525563	A	G	.	.	.
1	65897750	rs750139573	A	AG	.	.	.
1	65897750	rs201723526	AG	AA,A,AT	.	.	.
1	67058100	rs76860583	G	A	.	.	.
1	68484090	rs116116667	A	C	.	.	.
1	72332478	rs17575322	A	G	.	.	.
1	74093417	rs1576427	G	A	.	.	.
1	76139028	rs116423583	G	A	.	.	.
1	78019672	rs7528552	A	G	.	.	.
1	78019672	rs34773766	AC	GA	.	.	.
1	80408618	rs550298206	A	G	.	.	.
1	82001469	rs17454780	G	A	.	.	.
1	85059313	rs142932930	C	T	.	.	.
1	85116861	rs114077447	A	G	.	.	.
1	85439669	rs486751	T	A	.	.	.
1	87134593	rs478277	C	T	.	.	.
1	87415808	rs1741974	C	A	.	.	.
1	88119738	rs189327360	T	C	.	.	.
1	90932590	rs17467022	A	G	.	.	.
1	94468910	rs57286064	CT	CC,C	.	.	.
1	105658911	rs138098733	A	T	.	.	.
1	105883314	rs2340892	C	T	.	.	.
1	106045440	rs12726723	G	A	.	.	.
1	106125967	rs11184628	G	A	.	.	.
1	106125967	rs34573006	GA	AG	.	.	.
1	111285612	rs745739733	AGC	AAC,A	.	.	.
1	111285613	rs343595	G	A	.	.	.
1	115653802	rs72697958	C	T	.	.	.
1	118914416	rs201549213	CCTTT	C	.	.	.
1	119199568	rs3863757	T	C	.	.	.
1	147780941	rs147186505	T	G	.	.	.
1	150682068	rs11579902	T	C	.	.	.
1	152951809	rs144210862	T	C	.	.	.
1	158852161	rs2852662	C	A	.	.	.
1	161235597	rs75213764	C	T	.	.	.
1	161343762	rs57154376	C	T	.	.	.
1	161858592	rs16860777	C	G	.	.	.
1	165190337	rs12042712	C	T	.	.	.
1	165342234	rs76099046	G	A	.	.	.
1	166689282	rs79008443	T	C	.	.	.
1	168511505	rs368347361	C	T	.	.	.
1	169332572	rs34373126	C	G	.	.	.
1	170579089	rs10919441	T	A	.	.	.
1	171091420	rs742058	G	A	.	.	.
1	175001850	rs12088588	C	G	.	.	.
1	177304441	rs6693903	G	A	.	.	.
1	177471968	rs776431541	G	GA	.	.	.
1	177471968	rs72637258	GA	G,GG	.	.	.
1	178847359	rs559226302	AT	AA,A,ATT	.	.	.
1	179998679	rs78962759	T	C	.	.	.
1	182332525	rs144626345	AGATCTTAT	A	.	.	.
1	183067354	rs12075989	G	A	.	.	.
1	184029795	rs35921408	C	T	.	.	.
1	185375966	rs9803977	G	GCAAAGGGGGATTTGTACAAATTTCCCCTAGTGT,T,TCAAAGGGGGATTTGTACAAATTTCCCCTAGTGT	.	.	.
1	185375966	rs56294469	G	GCAAAGGGGGATTTGTACAAATTTCCCCTAGTGT	.	.	.
1	186851887	rs16826042	C	G	.	.	.
1	186858135	rs12042344	T	C	.	.	.
1	190812123	rs74737394	G	A	.	.	.
1	190965001	rs16833106	G	A,GT	.	.	.
1	190965001	rs11450363	G	GT	.	.	.
1	194945222	rs12027815	G	A	.	.	.
1	199692904	rs17654465	A	C	.	.	.
1	202087540	rs113989504	C	T	.	.	.
1	203244960	rs80283126	C	G	.	.	.
1	204068875	rs61825742	G	A	.	.	.
1	205543767	rs7534154	C	T	.	.	.
1	205738327	rs71762778	GGTT	G	.	.	.
1	205743425	rs823143	A	C	.	.	.
1	211521467	rs4951521	C	T	.	.	.
1	212944098	rs10127703	G	A	.	.	.
1	213671795	rs375661722	CTTTTCTTTTA	C,CTTTTC,CTTTTCTTTTC	.	.	.
1	213671800	rs371092502	CTTTTA	C,CTTTTC	.	.	.
1	213671805	rs6657990	A	C	.	.	.
1	220793703	rs10495149	A	G	.	.	.
1	224251666	rs7517868	G	A	.	.	.
1	229300574	rs342826	T	C	.	.	.
1	230636591	rs11802788	G	A	.	.	.
1	234205008	rs35052058	AT	AA,A	.	.	.
1	236047483	rs10803126	G	A	.	.	.
1	240920789	rs113679199	TA	T	.	.	.
1	241160820	rs115226530	A	G	.	.	.
1	241308452	rs569270890	G	A	.	.	.
1	247229550	rs4925529	C	A,T	.	.	.
1	247457134	rs1204493	A	G	.	.	.
2	5969470	rs76114180	C	T	.	.	.
2	7813099	rs7582203	G	A	.	.	.
2	14053733	rs199685226	ATAT	A	.	.	.
2	14053734	rs74555259	TATTA	T	.	.	.
2	18073558	rs11695907	T	C,TT	.	.	.
2	32165357	rs71446031	C	G	.	.	.
2	32165357	rs761663304	CAA	C	.	.	.
2	33320661	rs9678351	G	C	.	.	.
2	33497656	rs817530	C	T	.	.	.
2	35745134	rs6543954	T	C	.	.	.
2	35851223	rs34163104	T	TAA,TA	.	.	.
2	37824960	rs7421892	T	C	.	.	.
2	39691337	rs13382317	C	A	.	.	.
2	41440122	rs147985540	C	T	.	.	.
2	44097388	rs76492655	A	C	.	.	.
2	46423643	rs281492	T	C	.	.	.
2	46495776	rs149441350	C	A,T	.	.	.
2	47086982	rs935380	C	T	.	.	.
2	47694312	rs6754473	T	C	.	.	.
2	48515422	rs116644231	C	G	.	.	.
2	48515422	rs386645850	CTTTTAT	GAGTC	.	.	.
2	48515422	rs796775888	CTTTTAT	C	.	.	.
2	48682520	rs115127291	G	T	.	.	.
2	50979844	rs201335570	G	GAA,GA	.	.	.
2	50979844	rs746519537	GA	GAA,G	.	.	.
2	51975869	rs10185972	C	T	.	.	.
2	52422109	rs12468302	G	C	.	.	.
2	53451974	rs1863181	C	T	.	.	.
2	53496365	rs4672293	T	G	.	.	.
2	54930891	rs187124	T	C	.	.	.
2	59474658	rs17050021	T	C	.	.	.
2	61410346	rs777584	G	A	.	.	.
2	63799835	rs56275317	C	CAAAAAAAAAAAAAAA,CAAAA,CAA	.	.	.
2	64375685	rs72810212	T	A	.	.	.
2	65765685	rs189820103	A	G	.	.	.
2	72579812	rs10190674	A	T	.	.	.
2	75102698	rs141012944	C	T	.	.	.
2	75707083	rs760987578	CGT	C	.	.	.
2	75707083	rs3081151	CGTGT	C	.	.	.
2	75707083	rs373885597	CGTGTGT	C	.	.	.
2	75707083	rs765901017	CGTGTGTGTGTGT	C	.	.	.
2	75707083	rs201178721	CGTGTGTGTGTGTGT	C	.	.	.
2	85369260	rs72838192	C	T	.	.	.
2	86690546	rs6742018	T	G,TG	.	.	.
2	86690546	rs60247658	T	TG	.	.	.
2	88242549	rs62138178	G	T	.	.	.
2	90148898	rs540802912	T	C	.	.	.
2	92278032	rs555189503	C	CT	.	.	.
2	98924301	rs62155316	A	G	.	.	.
2	106386630	rs12465089	T	C	.	.	.
2	108048821	rs266171	C	T	.	.	.
2	111788793	rs3789091	AG	AA,A	.	.	.
2	113294738	rs4443006	A	G	.	.	.
2	113870663	rs17042917	G	A	.	.	.
2	116368087	rs7578555	G	A,GTA,GTGTA,GTGTGTA,GTGTGTGTA,GTGTGTGTGTA,GTGTGTGTGTGTA	.	.	.
2	116368087	rs144904806	G	GTA,GTGTA,GTGTGTA,GTGTGTGTA,GTGTGTGTGTA,GTGTGTGTGTGTA	.	.	.
2	119116078	rs78229149	C	T	.	.	.
2	119366227	rs142866381	G	A	.	.	.
2	119816228	rs6749634	C	T	.	.	.
2	121591268	rs12620704	A	G	.	.	.
2	122473091	rs6736910	G	A	.	.	.
2	122626234	rs12615646	T	C	.	.	.
2	123975513	rs62168674	A	G	.	.	.
2	124737843	rs71428125	A	G	.	.	.
2	124891813	rs7606691	C	T	.	.	.
2	126272335	rs7577736	T	C	.	.	.
2	127571531	rs11686743	G	A	.	.	.
2	129395486	rs6757328	T	A,C	.	.	.
2	133922569	rs12476382	G	A	.	.	.
2	134192806	rs72846353	G	T	.	.	.
2	138929103	rs7572347	G	A	.	.	.
2	139021620	rs8179596	C	A	.	.	.
2	139021620	rs386651050	CA	AG	.	.	.
2	140159006	rs138370002	A	C	.	.	.
2	141188786	rs7593984	G	C	.	.	.
2	143202043	rs67997240	C	T	.	.	.
2	143374047	rs6758444	C	T	.	.	.
2	144200734	rs10928177	A	G	.	.	.
2	146369734	rs72998754	G	A	.	.	.
2	147625855	rs76958875	T	C	.	.	.
2	151621737	rs11693960	C	T	.	.	.
2	158774549	rs11904588	G	A	.	.	.
2	160186124	rs3771682	A	G	.	.	.
2	162684067	rs78047881	A	AT	.	.	.
2	171368542	rs1108432	A	G	.	.	.
2	171406556	rs6433211	C	T	.	.	.
2	175397493	rs138182540	C	T	.	.	.
2	175815242	rs113969343	A	G	.	.	.
2	176487902	rs397751994	T	TAAA,TAA,TA	.	.	.
2	178524848	rs150277934	TTTCTTTCTTTCATTCCTTCTCTCTCTTTCTTTCTTCTC	T	.	.	.
2	178524881	rs551823450	CT	C	.	.	.
2	178524882	rs763799685	TTC	T	.	.	.
2	178524882	rs148599050	TTCTC	T,TTC,TTTCT	.	.	.
2	178863260	rs2117738	G	A	.	.	.
2	182716326	rs6718469	G	A	.	.	.
2	183993767	rs72892688	C	T	.	.	.
2	186286278	rs185114788	G	C	.	.	.
2	189029653	rs62179560	G	A	.	.	.
2	190879934	rs59270595	G	A	.	.	.
2	191327147	rs4287794	T	C	.	.	.
2	195881438	rs1367427	G	A	.	.	.
2	197986048	rs2697270	T	C	.	.	.
2	202675877	rs61361602	CT	CC,C,CTT	.	.	.
2	207578257	rs68002129	G	A	.	.	.
2	210142530	rs2365309	C	G	.	.	.
2	211976983	rs62178059	GT	GC,G	.	.	.
2	212033380	rs77956239	TC	T,TT	.	.	.
2	214071702	rs56091270	G	A	.	.	.
2	216218202	rs13012742	T	C	.	.	.
2	220665668	rs11692946	G	A	.	.	.
2	224034735	rs10209741	G	A	.	.	.
2	230172744	rs112690137	C	G	.	.	.
2	235896919	rs111862341	A	G	.	.	.
2	238407731	rs111904317	T	TG	.	.	.
2	241295856	rs12477831	G	A,GA	.	.	.
3	136825	rs7639630	C	A	.	.	.
3	1567784	rs201562755	TGG	T	.	.	.
3	1567785	rs9854619	G	C	.	.	.
3	1916208	rs1971990	G	C	.	.	.
3	4256212	rs146306352	C	T	.	.	.
3	6472220	rs9858366	A	T	.	.	.
3	7371369	rs6795415	G	A	.	.	.
3	7371369	rs386658084	GGT	AGC,AGT	.	.	.
3	8238796	rs55797494	A	C	.	.	.
3	8964109	rs657234	A	G	.	.	.
3	9874019	rs11131192	A	G	.	.	.
3	11170147	rs1873031	C	T	.	.	.
3	15187345	rs62240459	G	A	.	.	.
3	19385269	rs9827872	G	A	.	.	.
3	20708397	rs7623569	G	A	.	.	.
3	20765313	rs763831706	A	AAGAGATTG	.	.	.
3	21210381	rs199703075	TA	T	.	.	.
3	25863660	rs7626769	C	T	.	.	.
3	28800256	rs1157055	C	T	.	.	.
3	31906971	rs12635293	G	C	.	.	.
3	32496722	rs73068706	C	T	.	.	.
3	32501901	rs80258271	T	C	.	.	.
3	33146535	rs4441607	G	A	.	.	.
3	35065072	rs1382550	C	T	.	.	.
3	35112052	rs9857768	A	T	.	.	.
3	35433197	rs74328333	C	G	.	.	.
3	37101519	rs11720064	G	T	.	.	.
3	38622467	rs7430407	T	C,G	.	.	.
3	39179536	rs784496	A	G	.	.	.
3	43089490	rs537396	G	A	.	.	.
3	43254133	rs76154223	T	C	.	.	.
3	45109712	rs62242503	T	A	.	.	.
3	47537364	rs3192	C	T	.	.	.
3	53011050	rs9842974	C	A	.	.	.
3	55987202	rs150078283	C	T	.	.	.
3	56519454	rs76618617	T	C	.	.	.
3	60639848	rs149487185	A	C	.	.	.
3	60639848	rs201976291	A	ACTTCCC	.	.	.
3	60657145	rs2056834	G	A	.	.	.
3	61915181	rs116210831	A	G	.	.	.
3	63903759	rs6798742	A	G	.	.	.
3	68353842	rs73099622	G	C	.	.	.
3	68780374	rs11715789	C	A	.	.	.
3	74729101	rs72889341	A	G	.	.	.
3	79652649	rs116587789	G	C	.	.	.
3	83512237	rs1470801	A	G	.	.	.
3	83938414	rs6548921	T	C	.	.	.
3	84924787	rs386663065	CC	GC,GT	.	.	.
3	84924788	rs77556936	C	T	.	.	.
3	85617665	rs752245611	CCTCCCTCCCTCCCTCTCTCT	C	.	.	.
3	85617685	rs112069021	T	C,TTTC	.	.	.
3	86082305	rs62263322	G	A	.	.	.
3	86312396	rs6549088	C	T	.	.	.
3	86553993	rs397874818	G	GTT,GT	.	.	.
3	95726419	rs115128155	A	T	.	.	.
3	101452405	rs2722163	C	T	.	.	.
3	101784657	rs1398611	A	C	.	.	.
3	103284610	rs568990767	TA	T,TT	.	.	.
3	106219373	rs1031172	C	T	.	.	.
3	107282056	rs13319315	C	T	.	.	.
3	108502936	rs2121758	C	T	.	.	.
3	112129658	rs2633551	C	A	.	.	.
3	113725076	rs12634932	A	T	.	.	.
3	115668652	rs9857782	A	C	.	.	.
3	117759138	rs11920023	C	A	.	.	.
3	118069315	rs28427525	C	T	.	.	.
3	119022634	rs796654400	TTG	T,TT,TTT,TTTT,TTTTT	.	.	.
3	119022635	rs112869065	TG	T,TT,TTT,TTTT	.	.	.
3	119022635	rs200898260	TGTTGTTGTTGTTG	T,TGTTGTTGTTG,TGTTGTTGTTGTTGTTG,TTTGTTGTTGTTG,TTTTTTGTTGTTG,TTTTTTTGTTGTTG,TTTTTTTTGTTGTTG,TTTTTTTTTGTTGTTG	.	.	.
3	120387659	rs2298956	G	C	.	.	.
3	120710075	rs200686157	A	C	.	.	.
3	125305387	rs28583173	C	T	.	.	.
3	125783690	rs4493383	C	T	.	.	.
3	126021699	rs11915839	C	T	.	.	.
3	128323424	rs6782228	G	C	.	.	.
3	129848796	rs59667515	A	C	.	.	.
3	137661313	rs34652872	C	T	.	.	.
3	137671510	rs112752435	G	A	.	.	.
3	140475150	rs7618025	G	A	.	.	.
3	141554197	rs190814620	G	A	.	.	.
3	154181290	rs116597352	C	T	.	.	.
3	155466616	rs358740	A	G	.	.	.
3	156241965	rs2280299	A	G	.	.	.
3	158211922	rs73154306	T	C	.	.	.
3	158633807	rs73874745	C	T	.	.	.
3	160314436	rs11715900	T	C	.	.	.
3	160452879	rs79410644	T	A	.	.	.
3	162001557	rs62290552	T	C	.	.	.
3	162534054	rs144884691	G	A	.	.	.
3	162983196	rs9846971	C	T	.	.	.
3	170245544	rs1861936	T	A	.	.	.
3	170339333	rs13060720	G	A	.	.	.
3	170777813	rs73879277	T	C	.	.	.
3	174540260	rs6797551	T	C	.	.	.
3	174858489	rs13319929	G	T	.	.	.
3	175856590	rs144812767	C	A	.	.	.
3	176851664	rs763407781	C	CAAAAAAAAA,CAAAAA,CAAAA,CAAA,CAA,CA	.	.	.
3	176851664	rs541940840	CAAA	CA,C	.	.	.
3	177457465	rs6780021	T	C	.	.	.
3	178386395	rs12497475	G	A	.	.	.
3	178585648	rs13065629	T	C	.	.	.
3	179839998	rs7639286	A	G	.	.	.
3	184316577	rs6765741	A	C	.	.	.
3	185613172	rs182770410	C	G	.	.	.
3	190754037	rs4292277	A	G	.	.	.
3	194323620	rs9816961	T	G	.	.	.
3	195854279	rs7625441	C	T	.	.	.
4	616824	rs67376373	A	G	.	.	.
4	4149751	rs539188870	G	C	.	.	.
4	4613403	rs2369284	C	G	.	.	.
4	6804870	rs142407135	T	G	.	.	.
4	7799307	rs11721583	A	G	.	.	.
4	7982112	rs4696930	T	C	.	.	.
4	8366840	rs899490	C	T	.	.	.
4	9862036	rs9684729	C	T	.	.	.
4	10449474	rs148963016	T	C	.	.	.
4	11912625	rs13111622	A	C	.	.	.
4	11991680	rs59007581	C	T	.	.	.
4	12016018	rs73218195	C	G	.	.	.
4	12590868	rs17295533	A	G	.	.	.
4	13650085	rs1352786	T	C	.	.	.
4	14373867	rs34005462	CCA	C	.	.	.
4	17000336	rs13114287	C	T	.	.	.
4	17890960	rs13141926	A	G	.	.	.
4	18328444	rs13113719	T	C	.	.	.
4	20924509	rs6858059	A	C	.	.	.
4	22352488	rs12647479	A	C,G	.	.	.
4	22702366	rs146120455	C	CTG	.	.	.
4	24620648	rs13138658	C	T	.	.	.
4	28756346	rs749396384	ACT	A	.	.	.
4	28756347	rs371691055	CTCTATT	C	.	.	.
4	28774880	rs7662537	C	A	.	.	.
4	29010870	rs11737350	A	G	.	.	.
4	30410515	rs76805575	A	G	.	.	.
4	31338492	rs770011518	T	TC	.	.	.
4	31338492	rs201383871	TC	T,TT	.	.	.
4	31587518	rs6817810	T	C	.	.	.
4	31655166	rs58087014	G	C	.	.	.
4	31676821	rs7695237	G	T	.	.	.
4	32309889	rs13144571	G	A	.	.	.
4	35224618	rs7674428	T	C	.	.	.
4	35416487	rs317024	G	A	.	.	.
4	36904135	rs2166096	A	G	.	.	.
4	38795321	rs79948128	A	G	.	.	.
4	41160956	rs7685881	C	A	.	.	.
4	42783073	rs142038325	G	C	.	.	.
4	43026528	rs200240174	T	C,TC	.	.	.
4	43026528	rs56900901	T	TC,TTC	.	.	.
4	43168699	rs34539889	C	A	.	.	.
4	44885400	rs200374297	T	TCAA	.	.	.
4	44938719	rs12502970	G	A	.	.	.
4	49512498	rs2313297	G	A,C,T	.	.	.
4	56711488	rs7665805	T	C	.	.	.
4	59203415	rs4272070	G	C	.	.	.
4	59378169	rs761956868	T	TC	.	.	.
4	59378169	rs200636210	TC	T,TT	.	.	.
4	60578262	rs1507129	A	C	.	.	.
4	63304124	rs113333178	C	T	.	.	.
4	67845429	rs1030785	G	A	.	.	.
4	67885100	rs10518017	T	A,TCGT	.	.	.
4	69737751	rs11249510	A	C	.	.	.
4	73098348	rs149736711	T	C	.	.	.
4	73294196	rs13149749	G	T	.	.	.
4	73496691	rs4694504	A	G	.	.	.
4	76502146	rs7684530	G	C	.	.	.
4	79618157	rs149916628	G	A	.	.	.
4	81132807	rs201353499	CA	C	.	.	.
4	86479668	rs1481772	C	T	.	.	.
4	87452464	rs113115795	A	G	.	.	.
4	91832794	rs111614526	G	A	.	.	.
4	93173552	rs9884788	C	T	.	.	.
4	97122531	rs1816849	T	A	.	.	.
4	97425489	rs4235424	G	A	.	.	.
4	99054041	rs11940331	G	C	.	.	.
4	104139469	rs74995981	T	A	.	.	.
4	104464704	rs201414137	AAAT	AA,AAA,AAAA,A	.	.	.
4	104464705	rs541440803	AAT	AA,A	.	.	.
4	104464706	rs199736742	AT	AA,A	.	.	.
4	104880367	rs397768125	G	GA	.	.	.
4	106912875	rs4699207	C	G	.	.	.
4	106926277	rs17036492	G	T	.	.	.
4	114190266	rs7675622	C	T	.	.	.
4	118221800	rs13113734	G	A	.	.	.
4	123590138	rs78664590	G	A	.	.	.
4	123891840	rs115708905	C	T	.	.	.
4	127128179	rs397755163	A	AT	.	.	.
4	129581027	rs72916316	T	C	.	.	.
4	134510111	rs59917437	A	T	.	.	.
4	136650375	rs7670722	G	A	.	.	.
4	137834818	rs994911	G	A	.	.	.
4	142982905	rs2645788	G	T	.	.	.
4	143886944	rs35668471	G	A	.	.	.
4	147506423	rs550160506	TA	TAA,T	.	.	.
4	147506423	rs753969747	TAAA	TA,TAA,TAAAA,T	.	.	.
4	150298829	rs17488645	C	T	.	.	.
4	151267251	rs4696299	C	T	.	.	.
4	152136203	rs13122735	G	A	.	.	.
4	156315748	rs796212356	CTT	C,CT,CTTT	.	.	.
4	160584780	rs1119120	C	T	.	.	.
4	162447599	rs11726306	T	C	.	.	.
4	163491830	rs12643351	T	C	.	.	.
4	164013127	rs397686273	CT	CC,C,CTT	.	.	.
4	164030282	rs76687351	A	G	.	.	.
4	165024637	rs570583305	G	A	.	.	.
4	165517321	rs1919319	A	G	.	.	.
4	170547305	rs7683123	A	C	.	.	.
4	178047394	rs17722524	G	C	.	.	.
4	178256139	rs186825221	G	A	.	.	.
4	180985765	rs148797398	C	T	.	.	.
4	181247175	rs752068885	C	CGTGTGT,CGTGT,CGT	.	.	.
4	181247175	rs34556969	CGT	C,CGTGT,CGTGTGTGT	.	.	.
4	181606617	rs1024986	T	C	.	.	.
4	182305216	rs6818674	C	A	.	.	.
4	190228555	rs202185139	AGGTCACG	A	.	.	.
4	190228562	rs62341287	G	A	.	.	.
4	190572082	rs55767452	A	T	.	.	.
5	464177	rs2434695	C	G	.	.	.
5	750556	rs187532909	C	T	.	.	.
5	1895242	rs562122628	A	AT,T	.	.	.
5	1895242	rs755224882	AT	AA,A,ATT	.	.	.
5	1895242	rs60031888	ATT	A,AT	.	.	.
5	1895242	rs763847837	ATTT	A,AT,ATT	.	.	.
5	2942289	rs11510488	A	G	.	.	.
5	4184748	rs113611574	A	G	.	.	.
5	5828648	rs188684	T	C	.	.	.
5	14545767	rs56038402	C	T	.	.	.
5	14654894	rs6872954	C	T,TA	.	.	.
5	16651092	rs403174	A	G	.	.	.
5	18672463	rs28824780	C	T	.	.	.
5	20732272	rs55827316	G	T	.	.	.
5	21774323	rs111932565	G	A	.	.	.
5	22916407	rs1035913	G	C	.	.	.
5	27792745	rs117820977	C	T	.	.	.
5	28059053	rs13184271	C	G	.	.	.
5	31603202	rs4867353	G	T	.	.	.
5	35917934	rs7702828	G	A	.	.	.
5	37954279	rs60185720	GTA	G	.	.	.
5	37954279	rs767415107	GTATA	G	.	.	.
5	37954279	rs139613145	GTATATA	G	.	.	.
5	37954281	rs560868251	A	G	.	.	.
5	39924922	rs10076713	G	A	.	.	.
5	40324220	rs10043093	C	A	.	.	.
5	40508737	rs79325872	T	C	.	.	.
5	43788972	rs62369481	C	T	.	.	.
5	44083974	rs4130792	C	T	.	.	.
5	45241459	rs202175414	G	GAC	.	.	.
5	45739597	rs17280692	A	G	.	.	.
5	52591587	rs79300025	G	C	.	.	.
5	55162927	rs71578615	TTGTGTGTGTGT	GTGTGC	.	.	.
5	55162938	rs35720417	T	C	.	.	.
5	55605091	rs149091	G	C	.	.	.
5	58445743	rs144410638	T	C	.	.	.
5	58830899	rs748141643	GTGT	G,GG,GGG,GTG,GTGG	.	.	.
5	58830900	rs377242028	TGTGG	T,TG,TGGG,TGT	.	.	.
5	58830900	rs773065759	TGTGGGG	T,TGGGGG	.	.	.
5	58830901	rs78464331	GT	G,GG,GTG	.	.	.
5	58830902	rs72213048	TGG	T,TG,TGT	.	.	.
5	58830902	rs200899048	TGGGG	T,TGG,TGT,TGTGT,TT	.	.	.
5	64843025	rs6874775	G	A	.	.	.
5	67937021	rs1833817	G	A	.	.	.
5	68523397	rs74429574	A	T	.	.	.
5	73806715	rs16871941	A	G	.	.	.
5	76851415	rs12515508	G	A	.	.	.
5	77603534	rs75040644	G	C	.	.	.
5	80139376	rs6453528	T	C	.	.	.
5	82393688	rs1011981	A	G	.	.	.
5	83306860	rs6899079	C	T	.	.	.
5	84098943	rs76635335	T	C	.	.	.
5	84173873	rs12519789	G	C,T	.	.	.
5	84688947	rs33386	T	C	.	.	.
5	84885622	rs11746076	T	C	.	.	.
5	86279458	rs35844012	G	T	.	.	.
5	87224523	rs1919397	A	G	.	.	.
5	87304040	rs10805848	T	C	.	.	.
5	91044977	rs371542577	TGCCAGTCA	T	.	.	.
5	96679227	rs2697590	G	A	.	.	.
5	97360598	rs367622009	G	A	.	.	.
5	99181190	rs115498584	G	C	.	.	.
5	99720379	rs62387127	T	G	.	.	.
5	102840323	rs291874	A	G	.	.	.
5	106212762	rs116300307	G	A	.	.	.
5	107362370	rs2909882	C	A	.	.	.
5	108541267	rs6594358	G	C	.	.	.
5	108803562	rs75619348	A	G	.	.	.
5	110773272	rs55895816	T	C	.	.	.
5	111612994	rs2140623	C	T	.	.	.
5	113613477	rs3101084	A	G	.	.	.
5	114009865	rs11749479	T	C	.	.	.
5	114493831	rs111903855	T	A,TAAAA,TAAAG	.	.	.
5	114493831	rs58749147	T	TAAAA,TAAAG	.	.	.
5	114525264	rs7713151	A	G	.	.	.
5	116952522	rs267063	A	G	.	.	.
5	117379920	rs111233663	C	CA	.	.	.
5	117473177	rs66786174	T	A	.	.	.
5	119006694	rs330216	A	G	.	.	.
5	119610264	rs773247031	TAAC	T	.	.	.
5	119610264	rs369072865	TAACAAC	TAACAACAAC,T,TGACAAC,TGACAACAAC	.	.	.
5	119610265	rs57960643	A	G	.	.	.
5	119651566	rs10069617	G	T	.	.	.
5	120961924	rs113063339	A	G	.	.	.
5	125372340	rs11744406	C	T	.	.	.
5	126057463	rs80332368	A	C,CA	.	.	.
5	128627780	rs767319327	ATTT	A	.	.	.
5	128627783	rs71589931	T	A,AA,AAA,AAAA,TA	.	.	.
5	128627783	rs201360661	T	TA	.	.	.
5	128627783	rs201363734	TA	T,TT	.	.	.
5	144517251	rs78753285	G	T	.	.	.
5	145071925	rs386693225	GT	ATACAC	.	.	.
5	145071926	rs57331963	T	TACACACACACACAA,TACACAC,TACAC,TAC	.	.	.
5	145071926	rs761753217	TAC	T	.	.	.
5	145767358	rs56241524	C	G,T	.	.	.
5	146321073	rs6884353	C	T	.	.	.
5	146321073	rs71586438	CT	CC,TC	.	.	.
5	147553041	rs201030229	G	T	.	.	.
5	148482564	rs1422580	A	G	.	.	.
5	148504016	rs4429841	G	A	.	.	.
5	150182079	rs2161363	G	C,T	.	.	.
5	150529118	rs79737957	G	A	.	.	.
5	151909663	rs28450108	C	T	.	.	.
5	154377671	rs114879166	G	A	.	.	.
5	154421865	rs59002900	A	T	.	.	.
5	154860300	rs386693882	CA	CG,TG	.	.	.
5	154860301	rs1872252	A	G	.	.	.
5	155405059	rs4551052	A	G	.	.	.
5	155773888	rs35017008	A	C	.	.	.
5	156710026	rs10040318	A	G	.	.	.
5	157779196	rs6878058	C	G	.	.	.
5	159720380	rs188177664	G	A	.	.	.
5	160877679	rs115089282	A	G	.	.	.
5	161741702	rs757154454	T	TTATAAA	.	.	.
5	161741702	rs70994062	TTATAAA	T	.	.	.
5	162568116	rs201815039	AC	ACA,A	.	.	.
5	162568117	rs113178869	CA	CC,C	.	.	.
5	167797782	rs6891744	C	A	.	.	.
5	167867885	rs11134514	T	C	.	.	.
5	168174233	rs55716155	G	A	.	.	.
5	169755944	rs111619147	C	T	.	.	.
5	173654947	rs356066	G	C	.	.	.
5	175185517	rs62389660	C	T	.	.	.
5	178468776	rs537356911	TCTCTACTTAA	T	.	.	.
5	178468776	rs368706498	TCTCTACTTAAG	T	.	.	.
6	40783888	rs2395763	G	A	.	.	.
6	41169942	rs191036867	C	T	.	.	.
6	41578602	rs72863048	G	A	.	.	.
6	42882933	rs34470583	TA	T	.	.	.
6	42931861	rs1051218	G	A	.	.	.
6	45089775	rs9463068	C	A,CA,CAA	.	.	.
6	45089775	rs397800352	C	CAA,CA	.	.	.
6	47136966	rs6458546	C	T	.	.	.
6	47509112	rs60037572	G	A	.	.	.
6	48953310	rs186032035	A	G	.	.	.
6	49570815	rs9473617	T	C	.	.	.
6	52313171	rs4407718	G	T	.	.	.
6	53155338	rs386701211	AAT	AAC,GAC	.	.	.
6	53155340	rs2294869	T	C	.	.	.
6	54832973	rs7753255	C	T	.	.	.
6	55884198	rs10456721	T	C	.	.	.
6	55890744	rs9475516	T	C	.	.	.
6	55996995	rs12215913	T	C	.	.	.
6	57548805	rs6459281	C	T	.	.	.
6	57942624	rs9464613	T	C	.	.	.
6	62672760	rs11758684	G	A	.	.	.
6	63177028	rs62414749	G	A	.	.	.
6	64756439	rs201648848	C	CTT,CT	.	.	.
6	64756439	rs398001813	CT	C,CTT	.	.	.
6	65592767	rs9354186	C	T	.	.	.
6	65698830	rs9363307	A	G	.	.	.
6	66072256	rs1393681	A	G	.	.	.
6	66981687	rs71277386	T	TA	.	.	.
6	67026565	rs6920366	C	A	.	.	.
6	67348861	rs72876378	A	G	.	.	.
6	67798569	rs796808892	ACT	A	.	.	.
6	68413033	rs4275045	C	A	.	.	.
6	74453686	rs4235875	A	G	.	.	.
6	80420385	rs55671169	T	C	.	.	.
6	80430914	rs76325890	T	C	.	.	.
6	81809318	rs579998	T	C	.	.	.
6	88008920	rs410683	T	C	.	.	.
6	88697824	rs112021275	A	G	.	.	.
6	90121404	rs117691105	G	A	.	.	.
6	90159102	rs854862	T	A	.	.	.
6	91406809	rs9362770	A	C	.	.	.
6	91703617	rs13207757	C	T	.	.	.
6	92808000	rs200048814	AG	A	.	.	.
6	93176159	rs970880	G	A	.	.	.
6	93678056	rs56102780	A	T	.	.	.
6	95285511	rs2224317	C	T	.	.	.
6	96079745	rs72928277	G	T	.	.	.
6	97094262	rs80168307	TC	T,TT	.	.	.
6	100512038	rs116873207	A	G	.	.	.
6	101819230	rs17061849	A	C	.	.	.
6	104375021	rs192918826	A	G	.	.	.
6	104705483	rs12210465	T	C	.	.	.
6	105226669	rs73508072	C	G	.	.	.
6	105251524	rs146531508	C	T	.	.	.
6	109461603	rs397723367	A	ATT,AT	.	.	.
6	110307184	rs66610517	CTTTAT	C,CTTTATTTTAT	.	.	.
6	110307184	rs554758887	CTTTATTTTAT	C	.	.	.
6	113637636	rs12196570	C	T	.	.	.
6	113740477	rs531828636	G	A,C,GA,GAA,GAAA	.	.	.
6	113740477	rs397792114	G	GAA,GA	.	.	.
6	113909434	rs7769570	TG	T,TT,TTT	.	.	.
6	113909434	rs751384941	TGTTG	T	.	.	.
6	114230666	rs568317	A	G	.	.	.
6	115195868	rs7741124	C	T	.	.	.
6	115478806	rs17164605	A	T	.	.	.
6	115631327	rs12197597	G	T	.	.	.
6	116898322	rs72965110	A	C	.	.	.
6	117819047	rs9767675	G	A	.	.	.
6	118558487	rs759933970	AACAC	A	.	.	.
6	118558487	rs71554894	AACACAC	AAC,A	.	.	.
6	118558487	rs747550537	AACACACAC	AAC,AACAC,A	.	.	.
6	121000427	rs75060361	G	A,C,T	.	.	.
6	121878283	rs62427966	T	A	.	.	.
6	123806698	rs2185161	A	G	.	.	.
6	125559793	rs9482614	T	A	.	.	.
6	126699611	rs373980643	G	GT	.	.	.
6	126699611	rs397689581	GT	G,GG,GTT	.	.	.
6	126699611	rs74838361	GTT	G,GT	.	.	.
6	129141806	rs397816010	G	GA	.	.	.
6	130592684	rs4897391	C	T	.	.	.
6	130632527	rs1983718	T	A	.	.	.
6	131125130	rs72998224	T	C	.	.	.
6	133843384	rs6929780	G	A	.	.	.
6	133970029	rs12191306	T	G	.	.	.
6	133986025	rs571892534	G	A	.	.	.
6	134587158	rs149473764	G	T	.	.	.
6	135466388	rs11409666	T	TAA,TA	.	.	.
6	135497112	rs35775236	G	A	.	.	.
6	137309604	rs1322389	C	T	.	.	.
6	138494248	rs74540249	A	G	.	.	.
6	138831096	rs9495101	G	A	.	.	.
6	139781417	rs7739938	G	A	.	.	.
6	143925374	rs12216096	G	A	.	.	.
6	144430042	rs9496862	G	A	.	.	.
6	145380822	rs77382990	G	C	.	.	.
6	145732167	rs7773601	A	G	.	.	.
6	147849121	rs62434708	G	A	.	.	.
6	152005534	rs851995	C	T	.	.	.
6	152022346	rs397821611	G	GTT,GT	.	.	.
6	153764132	rs7764663	A	G	.	.	.
6	155675774	rs386707416	GG	CA,CG	.	.	.
6	155675775	rs412796	G	A	.	.	.
6	156974442	rs56304132	C	T	.	.	.
6	158494479	rs9347995	C	T	.	.	.
6	161275817	rs386707874	GGGTGCAT	TCGTTCACCATCATCTTTTCTCTGGGTGCAC	.	.	.
6	161275817	rs386707875	GGGTGCATTATTG	TCGTTCACCATCA	.	.	.
6	161275821	rs386707876	GCAT	TCACCATCATCTTTTCTCTGGGTGCAC	.	.	.
6	161275824	rs13192981	T	C	.	.	.
6	162065816	rs6914754	G	A	.	.	.
6	162164228	rs73015230	T	G	.	.	.
6	164665664	rs942729	C	T	.	.	.
6	165541333	rs71552873	A	AATGGATGG,AATGG	.	.	.
6	167656677	rs9459942	G	A	.	.	.
6	167810622	rs71554918	CT	GC	.	.	.
6	167810623	rs4588665	T	C	.	.	.
7	332469	rs144567362	T	G	.	.	.
7	476899	rs139212333	C	G	.	.	.
7	3389436	rs57535226	G	A	.	.	.
7	3395307	rs66604259	A	G	.	.	.
7	4962632	rs117052034	C	A	.	.	.
7	5893036	rs112862396	A	G	.	.	.
7	7931478	rs2098216	A	C	.	.	.
7	9096952	rs1160710	G	A	.	.	.
7	9752804	rs760132120	ATTTATTTATTTATTTT	A	.	.	.
7	9752812	rs199636635	ATTTATTTT	A,ATTTATTTA	.	.	.
7	9752816	rs796088704	ATTTT	A,ATTTA	.	.	.
7	9752820	rs1811780	T	A	.	.	.
7	10121779	rs2191853	A	G	.	.	.
7	10735277	rs757325	C	T	.	.	.
7	11320907	rs569526852	G	GT,T	.	.	.
7	11320907	rs199766600	G	GTT,GT	.	.	.
7	13678506	rs35610828	C	G	.	.	.
7	17097255	rs501862	C	T	.	.	.
7	17128847	rs184931762	T	C	.	.	.
7	17555560	rs6461320	G	C	.	.	.
7	17797473	rs56304629	G	C	.	.	.
7	19534413	rs74551689	T	C	.	.	.
7	19675394	rs192122559	G	A	.	.	.
7	20522766	rs17142961	A	G	.	.	.
7	23966424	rs76888785	G	A	.	.	.
7	23970783	rs918971	G	A	.	.	.
7	25915199	rs57999314	T	A	.	.	.
7	28024039	rs534791735	G	T	.	.	.
7	28253370	rs113568287	T	G	.	.	.
7	29788455	rs850132	G	A	.	.	.
7	31469833	rs79021523	A	G	.	.	.
7	32672030	rs13231253	A	G	.	.	.
7	34509869	rs1304245	C	T	.	.	.
7	35493637	rs343023	A	G	.	.	.
7	37412146	rs4723646	T	C	.	.	.
7	37935655	rs74946350	G	A	.	.	.
7	47810298	rs141758074	C	T	.	.	.
7	49224534	rs10273850	A	G	.	.	.
7	53782948	rs17705087	A	G	.	.	.
7	54215348	rs143670369	AG	A	.	.	.
7	54312113	rs77537401	G	C	.	.	.
7	54708569	rs583576	C	G	.	.	.
7	55301244	rs201146899	CCTA	C	.	.	.
7	55301246	rs73139007	T	C	.	.	.
7	55323837	rs35699152	G	A	.	.	.
7	55999459	rs73132888	G	A	.	.	.
7	62969640	rs4580926	C	G	.	.	.
7	63957186	rs78212030	A	C	.	.	.
7	67325667	rs2865109	T	C	.	.	.
7	68052971	rs75403629	C	T	.	.	.
7	68306288	rs75505187	C	A	.	.	.
7	70915123	rs200146375	GA	GATT,GATTT,G,GT	.	.	.
7	70915124	rs796408638	AT	A,ATT,ATTT	.	.	.
7	71242924	rs78571096	G	C	.	.	.
7	75488777	rs144149439	C	T	.	.	.
7	76432381	rs55892539	T	C	.	.	.
7	77611015	rs370310991	GTGATTTCTTGATATGATGTGCTC	G	.	.	.
7	78452500	rs60927279	A	G	.	.	.
7	79186895	rs13340543	T	C	.	.	.
7	79978633	rs10282378	T	G	.	.	.
7	85115171	rs2462077	T	G	.	.	.
7	90302893	rs140945123	GT	G	.	.	.
7	95326579	rs74298957	G	A	.	.	.
7	102844522	rs62481587	C	G	.	.	.
7	104852654	rs41563	G	A	.	.	.
7	106460856	rs77998767	T	C	.	.	.
7	108146392	rs34771129	A	G	.	.	.
7	108399914	rs57264316	T	C	.	.	.
7	109234218	rs1721435	C	G	.	.	.
7	111313098	rs6974055	A	G	.	.	.
7	111639407	rs6945270	T	C	.	.	.
7	112269740	rs7785340	C	T	.	.	.
7	112325859	rs111413890	G	A	.	.	.
7	114510535	rs200779678	T	C,TC	.	.	.
7	114510535	rs397818416	T	TA,TC	.	.	.
7	116189856	rs189467629	T	C	.	.	.
7	116920708	rs79584577	T	G	.	.	.
7	117370332	rs12530721	A	G	.	.	.
7	120012475	rs4140688	C	A	.	.	.
7	121274415	rs12535556	G	A	.	.	.
7	123454879	rs201022006	T	C,TGATGAAGTTCTCCGCAATGACCAACTCC	.	.	.
7	123454879	rs372034917	T	TCC,TGATGAAGTTCTCCGCAATGACCAACTCC,TGATGAAGTTCTCCGCGATGACCAACTCC	.	.	.
7	125021881	rs6951568	A	G	.	.	.
7	125560110	rs59604354	G	A	.	.	.
7	128259082	rs12333625	A	G	.	.	.
7	129416770	rs6947939	C	T	.	.	.
7	129440952	rs140065964	C	T	.	.	.
7	133676569	rs6970545	T	C	.	.	.
7	136475070	rs6467688	A	T	.	.	.
7	137110622	rs10233838	A	C	.	.	.
7	137262848	rs10226880	T	C	.	.	.
7	141573010	rs75748375	A	G	.	.	.
7	147025456	rs35636206	A	C	.	.	.
7	147036295	rs796548939	AAT	AA,A	.	.	.
7	147036296	rs200839752	A	AAT,AT	.	.	.
7	147036296	rs75566214	AT	AA,A	.	.	.
7	147133617	rs2697453	C	A	.	.	.
7	147662480	rs201237079	CT	C	.	.	.
7	148465869	rs17626383	G	T	.	.	.
7	148634075	rs10235017	A	C	.	.	.
7	148634075	rs35118701	AT	CC	.	.	.
7	150218117	rs73726888	T	C	.	.	.
7	150218117	rs369111955	T	TATAC,TATATATAC,TATATATATAC,TATATATATATAC,TATATATATATATAC,TATATATATATATATAC	.	.	.
7	151553615	rs73728427	C	T	.	.	.
7	152252510	rs7804022	C	T	.	.	.
7	153708751	rs554139789	T	G	.	.	.
7	153896103	rs34744713	G	GTTT,GTT,GT	.	.	.
7	155151434	rs565413705	C	T	.	.	.
7	156976097	rs150845312	G	A	.	.	.
7	157135644	rs565735482	G	GT	.	.	.
7	157135644	rs398048216	GT	G,GG,GTT	.	.	.
7	158511941	rs12538001	T	C	.	.	.
7	158806671	rs75192103	G	A	.	.	.
8	1385342	rs2040987	C	T	.	.	.
8	2948105	rs6558716	C	G	.	.	.
8	3302785	rs535502833	GGAA	G	.	.	.
8	3319796	rs73174854	T	C	.	.	.
8	4610495	rs6558908	T	C	.	.	.
8	4801510	rs150696769	C	A,T	.	.	.
8	5344465	rs79684493	A	T	.	.	.
8	6155658	rs12679001	C	A	.	.	.
8	6320092	rs75068954	C	T	.	.	.
8	6562574	rs2928615	C	T	.	.	.
8	7758100	rs2698821	T	C	.	.	.
8	8427464	rs55690768	G	C	.	.	.
8	9397184	rs148504009	C	T	.	.	.
8	11088954	rs17795345	G	C	.	.	.
8	11427317	rs150315942	C	T	.	.	.
8	12535814	rs595462	G	T	.	.	.
8	14147986	rs6998391	A	G	.	.	.
8	14290578	rs73188352	G	T	.	.	.
8	15166667	rs57717339	A	G	.	.	.
8	17353713	rs62497980	G	C	.	.	.
8	20035795	rs183186888	C	T	.	.	.
8	22048127	rs73225851	C	T	.	.	.
8	22783960	rs2941090	C	T	.	.	.
8	23745126	rs73555377	G	A	.	.	.
8	26864017	rs73235323	C	G	.	.	.
8	29691551	rs7013364	G	A	.	.	.
8	29758867	rs201442458	C	A,CA,CAA	.	.	.
8	29758867	rs397688397	C	CAA,CA	.	.	.
8	29758867	rs75609954	CA	CC,C	.	.	.
8	33960729	rs4128481	C	A	.	.	.
8	34147096	rs143732281	C	G,T	.	.	.
8	37977732	rs2517388	T	G	.	.	.
8	39417841	rs74889016	A	G	.	.	.
8	40057271	rs10090409	A	G	.	.	.
8	40310017	rs10958613	A	G	.	.	.
8	40483993	rs1349536	T	C	.	.	.
8	41215331	rs2354571	T	C	.	.	.
8	42569756	rs141416734	G	GGT	.	.	.
8	46843568	rs75387934	T	A	.	.	.
8	47118379	rs13274843	A	G	.	.	.
8	48034150	rs202197773	CCATA	C	.	.	.
8	50443375	rs386725132	GTGC	ATTG	.	.	.
8	50443377	rs531045371	G	T	.	.	.
8	53193826	rs62499814	G	T	.	.	.
8	55697536	rs78630723	A	G	.	.	.
8	56995782	rs16920326	G	A	.	.	.
8	58818368	rs144862424	C	T	.	.	.
8	59603358	rs138222974	TA	T,TT	.	.	.
8	59671747	rs11781783	G	A	.	.	.
8	64514030	rs397705315	TAGA	T	.	.	.
8	70303284	rs368976174	T	TG	.	.	.
8	70303284	rs114377099	TG	T,TT	.	.	.
8	70552416	rs386726498	GAAAAG	AAGAAAGAAAGAGA,AAGAGA,GAAAGAGA	.	.	.
8	70552417	rs375301203	AAAAG	A	.	.	.
8	70552420	rs148323669	A	G	.	.	.
8	71798886	rs141538113	CT	CC,C	.	.	.
8	75784903	rs148516293	T	C	.	.	.
8	76680174	rs112294343	A	G	.	.	.
8	78318840	rs117783493	C	T	.	.	.
8	80867247	rs538012259	A	T	.	.	.
8	80867247	rs142994633	AAT	A	.	.	.
8	81321066	rs3863244	G	C	.	.	.
8	82165507	rs62517928	A	G	.	.	.
8	82237403	rs2102113	A	C	.	.	.
8	82754671	rs558764091	G	C	.	.	.
8	84285891	rs80061500	T	C	.	.	.
8	86179428	rs73688696	G	A	.	.	.
8	86201157	rs73691803	T	C	.	.	.
8	86512076	rs6605621	A	C,G	.	.	.
8	88559776	rs62525004	A	T	.	.	.
8	89283293	rs7833834	G	A	.	.	.
8	89340528	rs397841615	C	CAA,CAG	.	.	.
8	89913124	rs12235085	G	A	.	.	.
8	89982246	rs4581099	A	C	.	.	.
8	95233558	rs143076132	G	A	.	.	.
8	96233248	rs114055602	G	A	.	.	.
8	96491215	rs779944099	GA	G	.	.	.
8	98720779	rs112377722	G	T	.	.	.
8	100187516	rs72672309	A	G	.	.	.
8	100242018	rs117378165	T	G	.	.	.
8	100491288	rs149738935	A	G	.	.	.
8	104055717	rs60182020	AT	A,ATT	.	.	.
8	104429822	rs386728405	ATT	TTC	.	.	.
8	104429824	rs3098240	T	C	.	.	.
8	105677276	rs192234008	G	C	.	.	.
8	105842162	rs1841318	T	A	.	.	.
8	108009089	rs1462015	C	T	.	.	.
8	109015020	rs13282910	A	G	.	.	.
8	110128278	rs191623091	A	T	.	.	.
8	118351565	rs77594805	G	C	.	.	.
8	120103624	rs33915063	CA	CAA,CC,C	.	.	.
8	120502016	rs72686347	G	A	.	.	.
8	122003665	rs144380547	C	CTA	.	.	.
8	122003861	rs759909199	ATATATATATATC	CTTCA	.	.	.
8	122003867	rs200618169	ATATATC	A	.	.	.
8	122003873	rs201612294	C	A	.	.	.
8	122003873	rs201627386	C	CA,CTTCA	.	.	.
8	124710610	rs6995232	G	A	.	.	.
8	125248865	rs796241760	AA	AAT,AT,T	.	.	.
8	125248866	rs7833335	A	AT,T	.	.	.
8	125248866	rs777905786	A	AT	.	.	.
8	128341612	rs7002712	A	T	.	.	.
8	129411147	rs4733862	C	T	.	.	.
8	131178831	rs7825499	T	C	.	.	.
8	132358549	rs4269521	G	A	.	.	.
8	132505014	rs16904460	G	A	.	.	.
8	132716467	rs473668	C	A	.	.	.
8	133530355	rs2673577	C	T	.	.	.
8	138870775	rs17688170	C	T	.	.	.
8	139658057	rs9324491	C	T	.	.	.
8	139991961	rs76633386	T	G	.	.	.
8	145759198	rs2721179	T	C	.	.	.
8	146223805	rs115186140	A	G	.	.	.
9	83459	rs28689902	C	T	.	.	.
9	541031	rs9299011	C	A	.	.	.
9	4678798	rs7861960	G	A	.	.	.
9	6732068	rs147738053	A	G	.	.	.
9	6844959	rs10120004	A	G	.	.	.
9	7638453	rs1564845	T	C	.	.	.
9	8123984	rs117870428	G	T	.	.	.
9	8749428	rs7028255	T	C	.	.	.
9	9067312	rs324507	C	T	.	.	.
9	9067312	rs386732417	CA	C,CG,TA,TG	.	.	.
9	9858310	rs10816211	A	G	.	.	.
9	10324297	rs56040585	C	A	.	.	.
9	10596181	rs112244103	G	A	.	.	.
9	11771248	rs10960202	A	T	.	.	.
9	11929764	rs767874507	GAC	G	.	.	.
9	11929764	rs36093882	GACAC	GATAC,G	.	.	.
9	13092788	rs7045326	T	G	.	.	.
9	13768493	rs10961228	C	T	.	.	.
9	15766661	rs397695196	A	AT	.	.	.
9	15968995	rs2987012	A	G	.	.	.
9	16371540	rs11790219	G	A	.	.	.
9	16944627	rs554222425	ATTTATGAATAACTG	A	.	.	.
9	16944631	rs10962752	A	G	.	.	.
9	18577360	rs7388795	C	T	.	.	.
9	18974785	rs4419893	A	C	.	.	.
9	20993907	rs116950533	A	G	.	.	.
9	21246244	rs75246378	C	A,CA,CAA,CAAA	.	.	.
9	21246244	rs199601703	C	CAA,CA,CG	.	.	.
9	23577005	rs1962919	T	A	.	.	.
9	24203069	rs4552996	A	C	.	.	.
9	25291406	rs147441538	G	A	.	.	.
9	25919000	rs113689135	T	TG	.	.	.
9	26750964	rs4978099	T	C	.	.	.
9	28075173	rs7033571	T	C	.	.	.
9	28310256	rs142445254	G	T	.	.	.
9	28426935	rs10117301	T	A	.	.	.
9	29581901	rs6415761	C	T	.	.	.
9	30205197	rs2996567	T	C	.	.	.
9	33750237	rs10971677	C	T	.	.	.
9	35512554	rs147921763	G	A	.	.	.
9	37955265	rs17516779	C	T	.	.	.
9	72597102	rs55861608	TTAA	T	.	.	.
9	74167402	rs2309979	T	C	.	.	.
9	74719099	rs74346620	T	C	.	.	.
9	76740860	rs4256647	G	T	.	.	.
9	78276017	rs11144561	T	C	.	.	.
9	80500415	rs79159206	C	T	.	.	.
9	81394337	rs7849146	G	T	.	.	.
9	81561914	rs10117663	T	C	.	.	.
9	82941745	rs7038288	A	T,TT	.	.	.
9	83455867	rs1022865	A	C	.	.	.
9	83755208	rs62579839	T	C	.	.	.
9	83880088	rs12379654	T	G	.	.	.
9	86690582	rs12000598	G	C	.	.	.
9	86885920	rs77683536	G	A,GCACACA	.	.	.
9	86885920	rs201781167	G	GCACACA,GCACA	.	.	.
9	87187927	rs71506649	T	C	.	.	.
9	88024380	rs2814727	G	A	.	.	.
9	89445263	rs1963731	C	T	.	.	.
9	92178472	rs3949781	T	A	.	.	.
9	96445296	rs55682342	C	T	.	.	.
9	100873340	rs76372054	C	A,CA	.	.	.
9	100873340	rs376675752	C	CA	.	.	.
9	101002539	rs57133157	G	C	.	.	.
9	103514675	rs2095810	T	C	.	.	.
9	103907951	rs480533	T	C	.	.	.
9	104080261	rs34698232	A	C	.	.	.
9	106465288	rs417185	C	A	.	.	.
9	106899047	rs796616982	TTTTTTTGG	GC	.	.	.
9	106899055	rs62583526	G	C,T	.	.	.
9	107263483	rs6479244	T	C	.	.	.
9	109291610	rs1532115	T	C	.	.	.
9	111372201	rs117498506	T	C	.	.	.
9	113134134	rs797014253	CCCGCAATGAATCTCTCT	AGAGAGATTCATTGCGGG	.	.	.
9	113134137	rs7035733	G	A	.	.	.
9	115039866	rs7860429	G	A	.	.	.
9	115678692	rs10817404	C	T	.	.	.
9	117633103	rs6478114	A	G	.	.	.
9	117661665	rs7025577	C	A	.	.	.
9	117668361	rs3181194	A	T	.	.	.
9	117856486	rs12380758	C	A	.	.	.
9	119592200	rs2900136	A	G	.	.	.
9	119766969	rs7042036	C	T	.	.	.
9	121103251	rs4075821	G	A	.	.	.
9	121434644	rs145399949	GTATA	G,GTGTA	.	.	.
9	121434646	rs11999111	A	G	.	.	.
9	123763880	rs7046909	T	C	.	.	.
9	124393324	rs2243421	C	T	.	.	.
9	124509772	rs570177841	G	A	.	.	.
9	124795655	rs35773037	G	T	.	.	.
9	125265317	rs10739609	G	T,TT	.	.	.
9	125866772	rs9032	C	G	.	.	.
9	126277370	rs2564359	G	C	.	.	.
9	126439100	rs12377595	T	G	.	.	.
9	126621678	rs75256324	T	G	.	.	.
9	129036776	rs1330154	A	G	.	.	.
9	129135394	rs11788924	G	A	.	.	.
9	131003677	rs1004464	A	G	.	.	.
9	132031651	rs7046432	A	G	.	.	.
9	132357836	rs1220651	G	T	.	.	.
9	133753113	rs11791303	C	T	.	.	.
9	133753113	rs386738931	CG	TC,TG	.	.	.
9	134919005	rs9411432	C	T	.	.	.
9	135235693	rs62576498	G	T	.	.	.
9	136192624	rs597411	T	G	.	.	.
9	136599315	rs2488553	G	A	.	.	.
9	136805739	rs2519804	G	A	.	.	.
9	139244696	rs28734885	G	A	.	.	.
9	140361847	rs61738892	G	A	.	.	.
9	140495630	rs11137145	C	T	.	.	.
10	1909758	rs72768893	A	T	.	.	.
10	4143255	rs4881283	A	T	.	.	.
10	6561475	rs11259366	G	C	.	.	.
10	6633671	rs72783739	G	A	.	.	.
10	7322350	rs397968733	T	TG	.	.	.
10	10733419	rs11256775	A	G	.	.	.
10	12100735	rs34318648	TG	CA,CG	.	.	.
10	12100736	rs12218974	G	A	.	.	.
10	12387308	rs11596578	T	G	.	.	.
10	13190870	rs75256323	C	A,CA,CAA	.	.	.
10	13190870	rs200871343	C	CA	.	.	.
10	13190870	rs74908923	CA	CAA,CC,C	.	.	.
10	14579015	rs12359615	T	C	.	.	.
10	17328607	rs55810643	A	G	.	.	.
10	17574834	rs74734861	G	A	.	.	.
10	20627529	rs11011982	G	A,C	.	.	.
10	21190797	rs788986	G	A	.	.	.
10	24847864	rs73604502	A	C	.	.	.
10	25040622	rs10466055	A	G	.	.	.
10	26156544	rs10828893	G	A	.	.	.
10	27078628	rs11015289	G	T	.	.	.
10	29273575	rs2995126	G	A	.	.	.
10	29398408	rs481513	G	C	.	.	.
10	30451054	rs773284554	CTT	C	.	.	.
10	30451056	rs147137964	T	TTA,TTTTATA,TTTTA,TTT	.	.	.
10	30451056	rs140346566	TTA	T,TTT	.	.	.
10	33078380	rs986013	T	C	.	.	.
10	33275518	rs74792357	T	C	.	.	.
10	33343808	rs188241977	A	G	.	.	.
10	33549344	rs11009325	T	C	.	.	.
10	33570509	rs75043378	G	A	.	.	.
10	34245429	rs224756	T	C	.	.	.
10	38360808	rs369369980	CC	TT	.	.	.
10	38360809	rs2021651	C	T	.	.	.
10	43469076	rs143213392	C	T	.	.	.
10	44485267	rs4322346	G	A	.	.	.
10	44513425	rs4948821	A	G	.	.	.
10	44547504	rs77419579	C	T	.	.	.
10	44558937	rs34743310	A	G	.	.	.
10	45742582	rs33997598	C	T	.	.	.
10	46050733	rs74874679	A	C	.	.	.
10	49480248	rs397942183	C	CT	.	.	.
10	52317348	rs148875762	A	G	.	.	.
10	52317348	rs202237086	A	AGG	.	.	.
10	53803865	rs1904004	C	A	.	.	.
10	54189453	rs1194733	T	A	.	.	.
10	56696751	rs1733767	T	A,C	.	.	.
10	58995337	rs3907690	G	T	.	.	.
10	59603470	rs150226123	C	A	.	.	.
10	59691935	rs80143739	T	C	.	.	.
10	60728725	rs3851243	G	A	.	.	.
10	63369161	rs10509152	T	A	.	.	.
10	67275986	rs9971153	C	T	.	.	.
10	67303386	rs75298540	A	G	.	.	.
10	68199255	rs2456667	T	C	.	.	.
10	68427166	rs7901226	A	G	.	.	.
10	69090710	rs1993990	A	G	.	.	.
10	70952115	rs10823313	G	A	.	.	.
10	72273168	rs10999366	T	C	.	.	.
10	72514654	rs770222664	GCC	G,GTTT	.	.	.
10	72514656	rs539118352	C	T	.	.	.
10	72514656	rs776011183	C	CTTT	.	.	.
10	73049222	rs10823718	T	A	.	.	.
10	84082851	rs117278394	C	T	.	.	.
10	84872059	rs75504861	A	G	.	.	.
10	85972598	rs10887255	T	C	.	.	.
10	86127218	rs4934008	A	G	.	.	.
10	88929403	rs4934308	A	G	.	.	.
10	90691177	rs117914848	C	T	.	.	.
10	91386988	rs397711813	G	GAAA,GAA,GA	.	.	.
10	91386988	rs368756683	GA	GAA,GAAA,GAAAA,G,GG	.	.	.
10	91386988	rs374553269	GAA	G	.	.	.
10	92601194	rs12244538	T	A	.	.	.
10	95771214	rs76367218	A	G	.	.	.
10	96744731	rs114628972	TC	T,TT	.	.	.
10	97118461	rs71483998	ATGCGCGCGCGCGCGCGCGCA	ATGCGCGCGCGCGCGCGCG,GCGCGCGCACACACACACA	.	.	.
10	97118473	rs779744673	GCGCGCGCACA	GCGCACACACA,GCGCGCGCA,GCGCGCGCGCA,G	.	.	.
10	97118473	rs60569518	GCGCGCGCACACA	GCA,G	.	.	.
10	97118475	rs549991500	G	A,T	.	.	.
10	97118475	rs796363160	G	GCACACACA,GCACA,GCA	.	.	.
10	97163302	rs67832614	C	T	.	.	.
10	97628917	rs73315224	C	T	.	.	.
10	97666538	rs10786240	C	T	.	.	.
10	98638019	rs397845851	CT	CC,C	.	.	.
10	99435629	rs1046237	A	C,G,T	.	.	.
10	99537695	rs397776232	C	CTTT,CTT,CT	.	.	.
10	101063068	rs10786531	C	G	.	.	.
10	101361510	rs61871317	G	A	.	.	.
10	101363413	rs7907342	C	A	.	.	.
10	102494619	rs74621313	G	T	.	.	.
10	103596725	rs142198556	A	T	.	.	.
10	104029803	rs772018	T	C	.	.	.
10	107093471	rs60769671	A	C	.	.	.
10	109005232	rs7069052	T	G	.	.	.
10	109785535	rs574256974	ATAC	ACAC,A	.	.	.
10	109785536	rs12779171	T	C	.	.	.
10	110225461	rs780180072	CTAACTAAATAAATAAA	C,CTAACTAACTAACTAAC	.	.	.
10	110225461	rs746946938	CTAACTAAATAAATAAATAAATAAA	C,CTAACTAAA,CTAACTAAC	.	.	.
10	110225465	rs377211364	CTAAATAAA	C,CTAAA,CTAAC,CTAACTAAC	.	.	.
10	110225465	rs530258281	CTAAATAAATAAA	C,CTAAA,CTAAATAAA,CTAACTAAC,CTAACTAACTAAC	.	.	.
10	110225465	rs575933353	CTAAATAAATAAATAAA	C,CTAAA,CTAAATAAA,CTAAATAAATAAA	.	.	.
10	110225469	rs774874542	ATAAATAAATAAATAAA	C,CTAAC,CTAACTAAA	.	.	.
10	110225473	rs4998626	A	C	.	.	.
10	113603632	rs398114771	T	TAA,TA,TG	.	.	.
10	115565027	rs10885509	C	T	.	.	.
10	118623154	rs111741743	G	A	.	.	.
10	119828193	rs34346443	CT	CC,C	.	.	.
10	120305413	rs516194	C	T	.	.	.
10	120519199	rs111340833	T	C	.	.	.
10	121272968	rs7088764	T	C	.	.	.
10	122506808	rs11199525	G	A	.	.	.
10	122880681	rs2250683	G	A	.	.	.
10	123796196	rs2459080	G	A	.	.	.
10	123979157	rs11200486	A	C	.	.	.
10	126943696	rs10901371	G	A	.	.	.
10	127968894	rs71490762	A	G	.	.	.
10	129938204	rs113857480	G	A	.	.	.
10	130308973	rs1339503	G	T	.	.	.
10	130606984	rs111255491	C	T	.	.	.
10	132945800	rs12414068	A	G	.	.	.
10	133972929	rs139195312	C	CG	.	.	.
10	134893839	rs41301445	C	A,T	.	.	.
11	218055	rs11395848	G	GC,GT	.	.	.
11	1106811	rs7482715	G	A	.	.	.
11	2096908	rs74048176	C	G,T	.	.	.
11	3070562	rs6578317	G	A	.	.	.
11	5389286	rs2736551	C	G	.	.	.
11	5471631	rs138768996	G	A,T	.	.	.
11	5471631	rs201113534	GAATT	G	.	.	.
11	5881737	rs66963805	CATAG	C	.	.	.
11	6690215	rs4758119	G	A	.	.	.
11	7309509	rs7120457	A	C	.	.	.
11	7713102	rs74054130	C	T	.	.	.
11	8618861	rs34009921	A	G	.	.	.
11	9551983	rs142919524	G	GT	.	.	.
11	10121157	rs12418212	G	A	.	.	.
11	10368130	rs11042748	T	C	.	.	.
11	11318583	rs4304766	A	G	.	.	.
11	12783911	rs4415740	C	T	.	.	.
11	13531766	rs12806513	T	G	.	.	.
11	15381816	rs71482978	C	T	.	.	.
11	15381816	rs386750992	CA	TAAACT	.	.	.
11	18432190	rs58655904	T	C	.	.	.
11	18895052	rs76991560	T	C	.	.	.
11	19248047	rs113735051	AG	AA,A	.	.	.
11	19649027	rs117295236	A	G	.	.	.
11	21882903	rs141925947	GA	G	.	.	.
11	23013025	rs10450560	A	T	.	.	.
11	23043892	rs3853535	A	T	.	.	.
11	25862790	rs11028973	T	A	.	.	.
11	27751390	rs7481773	G	A	.	.	.
11	28396713	rs11030302	T	C	.	.	.
11	28473966	rs7130732	C	A	.	.	.
11	31948847	rs199666525	ACT	A	.	.	.
11	31948848	rs10560148	CTG	C	.	.	.
11	34908081	rs2956091	A	G	.	.	.
11	34965626	rs60815159	ATGTG	ACGTGTG,A,ATG	.	.	.
11	34965627	rs3118074	T	C	.	.	.
11	35212386	rs76925248	T	G	.	.	.
11	36221890	rs11601619	C	T	.	.	.
11	36802395	rs201299502	TATTAATTCAGCTA	T	.	.	.
11	37139958	rs1398285	A	C	.	.	.
11	37156415	rs3887502	T	C,G	.	.	.
11	37646003	rs1563985	C	T	.	.	.
11	38604377	rs764410974	TGA	T	.	.	.
11	38604379	rs11034867	A	T	.	.	.
11	39031672	rs370672779	GT	G,GG,GTT	.	.	.
11	39264181	rs12286552	C	G	.	.	.
11	40252871	rs1452476	T	C	.	.	.
11	47673300	rs72911714	T	C	.	.	.
11	48572314	rs6485862	G	A	.	.	.
11	48704140	rs73455298	G	A	.	.	.
11	51339971	rs76941522	G	A,T	.	.	.
11	51420896	rs61890352	A	C,G	.	.	.
11	55827476	rs139588448	G	GA	.	.	.
11	59257428	rs7101829	A	G	.	.	.
11	59285453	rs12278052	T	C	.	.	.
11	60088264	rs10897034	C	T	.	.	.
11	63622300	rs72934134	A	T	.	.	.
11	65122694	rs77130160	C	T	.	.	.
11	65471982	rs507859	G	A	.	.	.
11	65562852	rs72922786	G	C	.	.	.
11	67614666	rs192970887	C	T	.	.	.
11	68177614	rs4988322	T	C	.	.	.
11	68616940	rs1273307	A	C,T	.	.	.
11	69920134	rs10897911	T	A	.	.	.
11	70417181	rs12281359	G	C,T	.	.	.
11	71143266	rs12797951	T	G	.	.	.
11	73697538	rs7109266	G	A	.	.	.
11	75944572	rs61894424	T	C	.	.	.
11	76351953	rs58783758	C	A	.	.	.
11	77052954	rs10899373	T	C	.	.	.
11	77925728	rs2511160	A	T,TTAAATAAATAAAA,TTAAATAAATAAAAGTAAGCCTAAGCAAGAGATTGTTCT	.	.	.
11	79177447	rs12801632	A	G	.	.	.
11	79594255	rs386755381	TG	CA,CG	.	.	.
11	79594256	rs453084	G	A	.	.	.
11	80302970	rs7396192	T	C	.	.	.
11	81456801	rs117005564	C	G	.	.	.
11	82449276	rs80152209	C	T	.	.	.
11	87414613	rs148015115	G	A	.	.	.
11	89974081	rs10765286	G	C	.	.	.
11	92847379	rs74551052	C	T	.	.	.
11	92918149	rs10831003	T	C	.	.	.
11	93255519	rs2243410	T	G	.	.	.
11	95677821	rs1940203	A	G	.	.	.
11	95872083	rs514034	G	C	.	.	.
11	97328936	rs138236878	G	T	.	.	.
11	100446614	rs117771421	G	A	.	.	.
11	100944375	rs685828	G	T	.	.	.
11	103918039	rs151261834	G	A	.	.	.
11	106978628	rs141610053	G	A	.	.	.
11	107638761	rs11212359	T	C	.	.	.
11	109660093	rs117737582	C	A	.	.	.
11	115207927	rs148546265	G	T	.	.	.
11	117377436	rs201990989	A	AT,ATT,T	.	.	.
11	117377436	rs386362668	A	AT	.	.	.
11	121352568	rs481489	A	G	.	.	.
11	122457815	rs7113005	G	T	.	.	.
11	122458328	rs148451364	A	G	.	.	.
11	123542184	rs371838218	A	AAATGT,GT,T	.	.	.
11	123542184	rs397786677	A	AAATGT	.	.	.
11	124048670	rs2512266	G	A	.	.	.
11	128084485	rs7108244	T	C	.	.	.
11	128624811	rs2155135	A	G	.	.	.
11	129673287	rs690706	A	G	.	.	.
11	132864269	rs61909298	G	A	.	.	.
11	133933794	rs560690561	C	T	.	.	.
11	133933794	rs113737714	CG	CC,C	.	.	.
11	134565375	rs11223953	T	C	.	.	.
11	134640907	rs141697582	A	C	.	.	.
11	134853541	rs1814589	A	G	.	.	.
12	548360	rs56373675	A	G	.	.	.
12	719311	rs34907155	GA	TG	.	.	.
12	719312	rs10849334	A	G	.	.	.
12	2503709	rs7980523	G	T	.	.	.
12	6854370	rs4492872	C	G	.	.	.
12	7309613	rs11608952	C	T	.	.	.
12	9838993	rs7964290	A	C	.	.	.
12	11353898	rs1650043	T	C	.	.	.
12	11588643	rs34394496	AC	AA,A	.	.	.
12	12538722	rs113726959	G	A	.	.	.
12	14344242	rs148500619	T	C	.	.	.
12	14588067	rs766775268	GGGAA	GAGGAA,G,GGGAAGGAA	.	.	.
12	15387773	rs12580168	T	C	.	.	.
12	17369092	rs146561516	G	GTT,GT	.	.	.
12	18385449	rs11043964	C	A	.	.	.
12	19643658	rs11044604	C	G	.	.	.
12	19714428	rs142533194	C	CTTG	.	.	.
12	19953193	rs7316716	A	G,GA	.	.	.
12	20508813	rs1025950	C	T	.	.	.
12	21334214	rs991262	G	A	.	.	.
12	22384312	rs576724914	C	CTT,CT	.	.	.
12	22456961	rs2193179	T	C	.	.	.
12	24936323	rs7297537	C	T	.	.	.
12	25533785	rs796223801	CT	CC,C,CTCAT	.	.	.
12	27400152	rs11048948	A	G	.	.	.
12	29243091	rs548644263	CAAAT	C	.	.	.
12	30084360	rs73076928	G	A	.	.	.
12	30631388	rs1506391	T	C	.	.	.
12	31245179	rs2075320	C	T	.	.	.
12	31721766	rs61932470	T	C	.	.	.
12	31783255	rs17564900	G	A	.	.	.
12	32291184	rs12426412	A	G	.	.	.
12	32439679	rs16919634	T	C	.	.	.
12	32955675	rs12299188	C	G	.	.	.
12	33745638	rs73093945	A	T	.	.	.
12	33826952	rs150685253	G	GA	.	.	.
12	34603862	rs9668457	G	A,C	.	.	.
12	34783933	rs11531083	A	T	.	.	.
12	34826574	rs9705474	G	A	.	.	.
12	41032635	rs57762151	A	C	.	.	.
12	45191899	rs369431982	T	AG,G	.	.	.
12	47592147	rs1096740	A	G	.	.	.
12	48319860	rs12316950	A	G	.	.	.
12	49477334	rs7300136	T	C	.	.	.
12	51353507	rs144213825	T	C	.	.	.
12	55748490	rs77024280	T	C,G	.	.	.
12	56096816	rs2293413	T	C	.	.	.
12	58835719	rs782105	G	A	.	.	.
12	60791225	rs2655876	G	A	.	.	.
12	63004251	rs10747968	T	G	.	.	.
12	63160210	rs74691726	CA	C	.	.	.
12	67033051	rs4587801	T	C	.	.	.
12	67875906	rs12305899	T	G	.	.	.
12	72373805	rs75159906	C	T	.	.	.
12	76796327	rs140413265	CTA	C	.	.	.
12	76834056	rs12809879	A	T	.	.	.
12	77945411	rs66491045	C	T	.	.	.
12	78098656	rs12321780	C	A	.	.	.
12	79495875	rs10506808	A	G	.	.	.
12	79576927	rs10861651	C	T	.	.	.
12	81431039	rs34360984	G	T	.	.	.
12	81565426	rs143359334	A	T	.	.	.
12	83275668	rs1703088	T	C	.	.	.
12	83390876	rs7133958	C	A	.	.	.
12	84390022	rs199763060	G	GA	.	.	.
12	87383479	rs10400432	G	A	.	.	.
12	88132062	rs7962850	A	C	.	.	.
12	89391746	rs61168099	G	GACCTCATGACT	.	.	.
12	91407156	rs77515313	C	T	.	.	.
12	94439977	rs12305218	C	T	.	.	.
12	94827917	rs76557995	T	A	.	.	.
12	95276780	rs1549995	T	C	.	.	.
12	95379491	rs111956618	A	C	.	.	.
12	95529426	rs11613607	AG	AA,AAA,A	.	.	.
12	96431416	rs117536290	A	G	.	.	.
12	96898187	rs12310073	A	G	.	.	.
12	100764742	rs201669452	A	AT,T	.	.	.
12	100764742	rs397945729	A	AT	.	.	.
12	100770441	rs10860586	T	A	.	.	.
12	102978759	rs73173747	A	G	.	.	.
12	103813706	rs10467022	C	T	.	.	.
12	106688488	rs7980757	T	C	.	.	.
12	108421251	rs11113663	C	T	.	.	.
12	108591944	rs73397895	C	A,T	.	.	.
12	108621418	rs1426365	A	C	.	.	.
12	110028032	rs11067377	A	G	.	.	.
12	110345073	rs11068866	A	G	.	.	.
12	115005276	rs838339	T	C	.	.	.
12	117407500	rs7316144	C	T	.	.	.
12	117718686	rs2293051	G	C,T	.	.	.
12	119672234	rs2555290	C	T	.	.	.
12	119966318	rs12823464	C	A	.	.	.
12	120125599	rs10574499	TA	TAA,T,TT	.	.	.
12	120125599	rs796243587	TAA	TA,T	.	.	.
12	120125599	rs749478842	TAAA	TA,TAA,T	.	.	.
12	122159720	rs12385832	T	C,TTTTTC,TTTTTTC,TTTTTTTC	.	.	.
12	122159720	rs532608284	T	TTTTTC,TTTTTTC,TTTTTTTC	.	.	.
12	124688371	rs11057512	A	C	.	.	.
12	128281393	rs199849627	TATAATATATATATATATTA	T	.	.	.
12	128281400	rs758396624	TATATATATATTA	T	.	.	.
12	128281410	rs372129969	T	A	.	.	.
12	128281410	rs200660088	TTA	T	.	.	.
12	128575794	rs61939137	T	A	.	.	.
12	129630718	rs7309853	A	C	.	.	.
12	129751572	rs4759985	G	C	.	.	.
12	130086261	rs745544154	C	CA	.	.	.
12	130086261	rs201883740	CA	CC,C	.	.	.
12	130086261	rs763845455	CACA	C	.	.	.
12	131256923	rs200577800	AGTGGG	A	.	.	.
12	131256928	rs35019183	G	GA	.	.	.
12	133174573	rs529903808	CCCT	C	.	.	.
13	19362453	rs9578409	G	A	.	.	.
13	19763720	rs140460104	G	A	.	.	.
13	21255974	rs61955702	C	T	.	.	.
13	22061456	rs1777634	T	C	.	.	.
13	22322965	rs665113	T	C	.	.	.
13	22696224	rs755952021	CGCGCGTGTGTGT	C	.	.	.
13	22696226	rs200566522	C	T	.	.	.
13	23193215	rs74750634	CA	CAA,CC,C	.	.	.
13	23193215	rs776463371	CAA	CA,CAAA,C	.	.	.
13	23193215	rs765680458	CAAA	CA,CAA,CAAAA,C	.	.	.
13	24498917	rs2182224	A	C	.	.	.
13	24994886	rs9511245	T	C	.	.	.
13	25129279	rs142822288	G	A,T	.	.	.
13	25995271	rs9511794	A	G	.	.	.
13	26216890	rs141240013	A	T	.	.	.
13	27157699	rs376239294	AATTCCTT	A	.	.	.
13	27157703	rs663038	C	T	.	.	.
13	27593271	rs747722167	CTT	C,CTC,CTCCTTC	.	.	.
13	27593271	rs199615818	CTTCT	C,CTCCT,CTCCTTCCT,CTTCTTCCT,CTTCTTTC	.	.	.
13	27593273	rs7991064	T	C,CCTTC	.	.	.
13	30530467	rs9508604	T	C	.	.	.
13	31784690	rs116869610	G	T	.	.	.
13	32125936	rs79405811	G	A	.	.	.
13	32882912	rs397936471	G	GTT,GT	.	.	.
13	32882912	rs763646192	GT	G,GTT,GTTT	.	.	.
13	33324615	rs17516498	G	A	.	.	.
13	33506096	rs9591422	T	C	.	.	.
13	34331377	rs1022896	A	C	.	.	.
13	34454709	rs9315263	T	C	.	.	.
13	36258323	rs9574366	C	T	.	.	.
13	37500577	rs188800515	A	G	.	.	.
13	38810371	rs68008017	CAG	AAC,CAC	.	.	.
13	38810373	rs4592525	G	C	.	.	.
13	39435425	rs11618650	G	A	.	.	.
13	40653589	rs7981814	T	C	.	.	.
13	42307184	rs9590635	C	T	.	.	.
13	43037178	rs9594763	T	C	.	.	.
13	43037178	rs71218587	TGT	CAC,CGC,TGC	.	.	.
13	43612163	rs143544957	AATTT	A	.	.	.
13	44862358	rs17065669	C	T	.	.	.
13	45586663	rs9534020	A	G	.	.	.
13	46670710	rs17844002	C	T	.	.	.
13	47822621	rs34796198	T	G	.	.	.
13	48112145	rs113731620	A	G	.	.	.
13	48772196	rs144888433	T	TGG	.	.	.
13	49190584	rs9535055	G	A	.	.	.
13	50008301	rs3764090	A	G	.	.	.
13	51625974	rs7337462	T	C	.	.	.
13	53076400	rs11616459	A	T	.	.	.
13	53381837	rs9527015	C	T	.	.	.
13	55006363	rs2784882	T	C	.	.	.
13	55017256	rs117810888	C	T	.	.	.
13	56152451	rs9527416	G	A	.	.	.
13	57896357	rs561967482	ATGTATGTATATTTGTTCATG	A	.	.	.
13	57896373	rs532237728	T	A	.	.	.
13	58021109	rs78284839	G	T	.	.	.
13	59245135	rs79828516	G	A	.	.	.
13	60917300	rs139907911	G	A	.	.	.
13	62772507	rs6562268	A	C,G	.	.	.
13	63316012	rs74498919	T	C	.	.	.
13	64219046	rs1025930	G	A	.	.	.
13	64794594	rs1417625	T	G	.	.	.
13	65295498	rs9571259	T	A	.	.	.
13	65530847	rs6562388	G	A	.	.	.
13	65889932	rs9528904	C	G	.	.	.
13	66414250	rs11148685	T	C	.	.	.
13	68830607	rs77971697	A	G	.	.	.
13	69502857	rs9572044	G	A	.	.	.
13	70024806	rs71429608	T	C	.	.	.
13	70171265	rs9572196	T	C	.	.	.
13	71731456	rs9542598	A	C	.	.	.
13	73374682	rs138798368	C	T	.	.	.
13	75047459	rs9543656	G	A	.	.	.
13	75835699	rs73544159	C	T	.	.	.
13	76663402	rs977121	A	C,T	.	.	.
13	78578487	rs150078919	C	G	.	.	.
13	78752332	rs9574174	T	C	.	.	.
13	81520749	rs147423795	G	A	.	.	.
13	84980323	rs139188797	C	T	.	.	.
13	85900621	rs200582148	ACAAGCT	A	.	.	.
13	85900627	rs75067476	T	TAGTATA	.	.	.
13	86219039	rs2880523	G	C	.	.	.
13	86243184	rs1764942	G	A	.	.	.
13	86329012	rs1752892	G	A	.	.	.
13	87037326	rs67835427	G	A	.	.	.
13	88053068	rs7332164	T	A	.	.	.
13	88144482	rs200105913	C	CAT	.	.	.
13	89033308	rs9520463	C	T	.	.	.
13	90283988	rs202199080	ATC	A,AT	.	.	.
13	90283989	rs141683157	TC	TCT,T,TT	.	.	.
13	90396478	rs386773202	CA	CG,TG	.	.	.
13	90396479	rs9522683	A	G	.	.	.
13	90884271	rs9515700	C	G	.	.	.
13	92201521	rs79122801	T	A,TA,TAA,TAAA,TAAAA	.	.	.
13	92201521	rs35941677	T	TAAA,TAA,TA	.	.	.
13	95843575	rs9524822	T	C	.	.	.
13	95906872	rs4773861	T	C	.	.	.
13	96079154	rs4773903	A	G	.	.	.
13	96312995	rs9590309	C	T	.	.	.
13	97608211	rs79006295	G	A	.	.	.
13	98595814	rs146518828	G	A,T	.	.	.
13	99059192	rs11617264	T	A,C	.	.	.
13	100477753	rs7319139	C	T	.	.	.
13	105505757	rs9519495	A	AC,C	.	.	.
13	107435379	rs9520193	T	A	.	.	.
13	107929648	rs9587336	T	C	.	.	.
13	108748760	rs190310668	G	A	.	.	.
13	109510430	rs196158	C	T	.	.	.
13	109536827	rs56317277	C	T	.	.	.
13	109949588	rs199569977	AC	A	.	.	.
13	110738213	rs9559727	A	C,G	.	.	.
13	111366819	rs9555725	G	A	.	.	.
13	114264693	rs115558237	A	ACCCCGCTGTGTGGTTGTGCCATCACGTGTGC,C	.	.	.
13	114547473	rs79418366	A	C,G,T	.	.	.
14	19097506	rs28483139	G	T	.	.	.
14	20757383	rs74596138	A	G	.	.	.
14	21796960	rs144467136	T	C	.	.	.
14	22754125	rs12881181	G	A	.	.	.
14	23074899	rs1242924	C	T	.	.	.
14	23110489	rs772662874	G	A	.	.	.
14	23110489	rs148083401	GAAGGAAGG	GAAGGAAGA,G	.	.	.
14	23388871	rs4981449	C	G	.	.	.
14	23550475	rs201738124	T	C,TATATC	.	.	.
14	23550475	rs10664652	T	TATATC	.	.	.
14	25331081	rs854338	T	C	.	.	.
14	25631912	rs944391	C	T	.	.	.
14	26523940	rs142852705	T	C	.	.	.
14	26770331	rs1950852	T	G	.	.	.
14	27191819	rs17111626	G	T	.	.	.
14	27973556	rs12888853	G	T	.	.	.
14	32014425	rs56798630	A	T	.	.	.
14	34405880	rs12436949	G	A	.	.	.
14	34595331	rs183467422	G	A	.	.	.
14	38097884	rs148428498	C	T	.	.	.
14	40534405	rs56706853	C	CTTT,CTT,CT	.	.	.
14	40760786	rs61989092	C	T	.	.	.
14	41407269	rs71409966	A	G	.	.	.
14	41599243	rs750670968	T	TAGGTTATACACTC	.	.	.
14	41599243	rs77506435	TAGGTTATACACTC	T	.	.	.
14	42188499	rs17181615	T	A	.	.	.
14	42729938	rs144202542	C	CTT,CT	.	.	.
14	42729938	rs5808187	CT	C,CTT	.	.	.
14	42858110	rs35903307	A	C,G	.	.	.
14	43484002	rs184539224	G	A	.	.	.
14	43822083	rs17644694	G	C	.	.	.
14	45130832	rs12892234	T	A	.	.	.
14	46203771	rs8012352	G	T	.	.	.
14	46326774	rs59126587	C	T	.	.	.
14	47808059	rs78765410	G	A	.	.	.
14	48402197	rs2683940	G	A	.	.	.
14	48427117	rs72677801	G	C	.	.	.
14	48724930	rs386777260	CCC	CGG,GCG	.	.	.
14	48724931	rs10152086	C	G	.	.	.
14	48724931	rs386777261	CC	CG,GG	.	.	.
14	50141889	rs34909864	G	A,C	.	.	.
14	53222799	rs145238826	C	T	.	.	.
14	55558829	rs2147967	G	T	.	.	.
14	57397156	rs33939228	AT	AA,A,ATT	.	.	.
14	58209843	rs4473098	G	T	.	.	.
14	59134382	rs698023	C	A	.	.	.
14	59214667	rs311863	T	C	.	.	.
14	59626385	rs8016068	T	C	.	.	.
14	60074302	rs113474546	G	T	.	.	.
14	60529612	rs397743063	A	ATTT,ATT,AT	.	.	.
14	60530838	rs309009	T	C	.	.	.
14	62374152	rs2209227	T	C,G	.	.	.
14	63088100	rs7141917	T	G	.	.	.
14	63609798	rs796137903	GAC	AAT,GAT	.	.	.
14	63609800	rs113621463	C	T	.	.	.
14	63623678	rs12587416	A	G	.	.	.
14	64266536	rs117915653	C	G	.	.	.
14	64529791	rs72718393	A	T	.	.	.
14	65141759	rs12880856	C	T	.	.	.
14	65352282	rs9783609	A	G	.	.	.
14	67045419	rs147735809	A	T	.	.	.
14	67580520	rs61990920	G	A	.	.	.
14	67741553	rs150066740	A	C	.	.	.
14	68040681	rs79889192	A	G	.	.	.
14	68379031	rs17104764	G	A	.	.	.
14	68915109	rs17828763	T	G	.	.	.
14	69372979	rs11623410	T	C	.	.	.
14	70403960	rs79378299	G	C	.	.	.
14	70758399	rs11623663	C	T	.	.	.
14	70857976	rs77216149	G	A	.	.	.
14	73026598	rs34299350	T	G	.	.	.
14	74368016	rs11622629	A	G	.	.	.
14	75945971	rs113117366	C	CAAGG	.	.	.
14	76766289	rs7153591	G	A	.	.	.
14	78725383	rs112324376	G	A	.	.	.
14	80579555	rs200438127	T	G	.	.	.
14	81624969	rs5810013	AT	A,ATT	.	.	.
14	82737339	rs8018202	G	T	.	.	.
14	84819261	rs199802304	T	TA	.	.	.
14	84972285	rs3861646	G	A	.	.	.
14	85676755	rs2439825	C	T	.	.	.
14	86122042	rs11627840	G	A	.	.	.
14	86489093	rs2788396	G	A	.	.	.
14	88808291	rs71301976	T	TGACATATATTTTGA	.	.	.
14	90661238	rs12434653	T	C	.	.	.
14	91359657	rs8008667	G	A	.	.	.
14	92623349	rs36036195	A	G	.	.	.
14	94172980	rs45557238	G	A	.	.	.
14	94424700	rs3762142	A	G	.	.	.
14	94427541	rs941485	T	C	.	.	.
14	96029986	rs7150395	A	G	.	.	.
14	96588488	rs147314123	G	C	.	.	.
14	98231104	rs8014816	A	G	.	.	.
14	98513206	rs79325837	C	T	.	.	.
14	98718737	rs28664968	A	G	.	.	.
14	99848438	rs1740218	G	C	.	.	.
14	100117310	rs397949965	G	GTGCA	.	.	.
14	101144710	rs57919420	C	A	.	.	.
14	101429459	rs72700530	G	C	.	.	.
14	104166783	rs3212103	A	G	.	.	.
14	104440029	rs8008510	A	T	.	.	.
14	104544927	rs12147165	C	A,G	.	.	.
14	104945120	rs28447134	C	T	.	.	.
14	105026262	rs8012933	G	A	.	.	.
14	105223694	rs143402483	CAT	C	.	.	.
14	106245829	rs35539856	C	T	.	.	.
15	23229428	rs780009640	GTATTTTCCAATTGACAATTGGTTT	G	.	.	.
15	23229429	rs71120403	TATTTTCCAATTGACAATTGGTTTAGT	T	.	.	.
15	23229442	rs55867105	ACAATTGGTTTA	A	.	.	.
15	23229452	rs62000602	T	C,G	.	.	.
15	24221602	rs11637134	G	A	.	.	.
15	26054925	rs8041978	C	T	.	.	.
15	26207440	rs6576489	C	T	.	.	.
15	26414487	rs753401398	T	TCATAGATA	.	.	.
15	26414487	rs374203771	TCATAGATA	T	.	.	.
15	26815561	rs8033560	G	A	.	.	.
15	26995727	rs7183628	T	A	.	.	.
15	27186494	rs10220716	G	T	.	.	.
15	27766015	rs7175756	T	C	.	.	.
15	28274457	rs3794602	G	A	.	.	.
15	30110871	rs556692971	CTA	C,CT	.	.	.
15	30110873	rs11312672	AT	A	.	.	.
15	30110873	rs143424887	ATT	A,AT	.	.	.
15	30110873	rs753769750	ATTT	A,AT,ATT	.	.	.
15	30396042	rs62016990	T	C	.	.	.
15	31495059	rs75132239	C	T	.	.	.
15	32268736	rs35105142	G	A	.	.	.
15	35992374	rs1909291	G	C	.	.	.
15	36198306	rs141859339	T	G	.	.	.
15	37765698	rs7178810	G	A	.	.	.
15	38813563	rs62008292	C	T	.	.	.
15	39208990	rs200817430	T	G	.	.	.
15	39208990	rs796548688	TTCTT	G,GTCTG	.	.	.
15	42638376	rs7178901	T	C	.	.	.
15	42795406	rs73404714	G	A	.	.	.
15	44529122	rs534381600	TC	T,TT	.	.	.
15	44529123	rs532338111	CT	C,CTT	.	.	.
15	44847155	rs2303577	A	G	.	.	.
15	45359492	rs2470661	G	A	.	.	.
15	45378172	rs117741865	T	C	.	.	.
15	46627042	rs72710486	C	T	.	.	.
15	48139336	rs580014	T	C	.	.	.
15	50426340	rs150704189	AAAAT	A	.	.	.
15	50569165	rs72738903	G	A	.	.	.
15	51184583	rs2619689	G	A	.	.	.
15	52595864	rs755592598	A	AG	.	.	.
15	52595864	rs58865455	AG	AA,A,AT	.	.	.
15	53006354	rs182702653	G	A	.	.	.
15	53006354	rs386783998	GGA	AAT,GAA	.	.	.
15	53873918	rs116898303	A	T	.	.	.
15	54460247	rs138612857	G	A	.	.	.
15	55122794	rs12909247	C	T	.	.	.
15	56232905	rs11633709	T	A	.	.	.
15	56280869	rs62045229	G	C	.	.	.
15	56476844	rs75613770	GTTC	G	.	.	.
15	56588122	rs12594868	C	T	.	.	.
15	57705118	rs139889075	C	T	.	.	.
15	58374603	rs12910267	G	A	.	.	.
15	58687906	rs493987	T	C	.	.	.
15	58854123	rs1839928	G	A	.	.	.
15	59664416	rs116614660	A	C	.	.	.
15	60141444	rs17269803	T	G	.	.	.
15	60714204	rs77810487	T	A,TA	.	.	.
15	60714204	rs34649928	T	TA	.	.	.
15	60782356	rs369081160	G	GAT,T	.	.	.
15	60782356	rs398039478	G	GATAT,GAT	.	.	.
15	60782356	rs774966741	GAT	G	.	.	.
15	60875435	rs11634234	C	T	.	.	.
15	61452749	rs1437541	G	A	.	.	.
15	62223273	rs9788670	C	T	.	.	.
15	62598088	rs12324304	G	A,T	.	.	.
15	64686945	rs544481925	T	C	.	.	.
15	64915758	rs144503767	C	A	.	.	.
15	64991404	rs57615894	A	C	.	.	.
15	65535088	rs117885425	G	T	.	.	.
15	68102425	rs72751450	C	T	.	.	.
15	69601206	rs12917011	G	A	.	.	.
15	69797522	rs55862717	C	T	.	.	.
15	70028833	rs17315418	G	A	.	.	.
15	70980275	rs16954672	G	A	.	.	.
15	72398606	rs113942449	GC	G,GG	.	.	.
15	78196530	rs7179653	C	T	.	.	.
15	80227788	rs35107739	C	T	.	.	.
15	80345168	rs12902844	C	T	.	.	.
15	80619656	rs3889453	G	C	.	.	.
15	81645455	rs7163348	A	G	.	.	.
15	81798019	rs570436201	TCTATTGGAGACATCAAGAC	T	.	.	.
15	81798038	rs3061873	C	CTTTTTTTT,CTTTT,CT	.	.	.
15	81798038	rs55651138	CT	C,CTT	.	.	.
15	81798038	rs370211758	CTTT	C,CT,CTTTT	.	.	.
15	82225584	rs7180317	G	T,TT	.	.	.
15	83289175	rs537569924	C	A	.	.	.
15	83289175	rs143850979	C	CAA,CA	.	.	.
15	84339436	rs8038454	G	T	.	.	.
15	85287017	rs8025289	C	T	.	.	.
15	85562565	rs289413	C	T	.	.	.
15	86481662	rs79929898	C	A	.	.	.
15	87063070	rs17680506	A	T	.	.	.
15	87187285	rs2469181	T	A	.	.	.
15	87421603	rs62032641	G	A	.	.	.
15	87567745	rs76585827	C	A	.	.	.
15	87612659	rs7181227	G	A	.	.	.
15	88311039	rs4887200	G	C	.	.	.
15	89643140	rs117704443	A	G	.	.	.
15	90313476	rs61655672	T	C	.	.	.
15	91313553	rs2238336	C	T	.	.	.
15	91444238	rs149063588	G	A	.	.	.
15	91827077	rs16945508	C	A	.	.	.
15	91906902	rs12900694	A	G	.	.	.
15	92449085	rs11428346	A	AC	.	.	.
15	93127959	rs75088107	A	G	.	.	.
15	94130519	rs530651406	TATTTATGTTCCTGTTG	T	.	.	.
15	94130520	rs28421725	A	G	.	.	.
15	96034602	rs16975262	A	G	.	.	.
15	97006360	rs72633216	T	C	.	.	.
15	97321387	rs57736337	C	G	.	.	.
15	97390142	rs35043480	A	C	.	.	.
15	98581583	rs75834869	C	T	.	.	.
15	98789657	rs8039868	A	T	.	.	.
15	99293056	rs6598542	G	A	.	.	.
15	99604904	rs2017530	T	C	.	.	.
15	100449423	rs73474677	A	G	.	.	.
15	101059538	rs6598352	T	C	.	.	.
15	101673152	rs73477186	G	A	.	.	.
15	102382856	rs72763618	C	T	.	.	.
16	971615	rs78163818	T	C	.	.	.
16	1249877	rs11640926	T	C,G	.	.	.
16	1249877	rs34913940	TT	GA	.	.	.
16	1603716	rs79005075	C	A	.	.	.
16	1859618	rs2076448	G	A	.	.	.
16	3860640	rs3025702	A	G	.	.	.
16	4121914	rs12599912	C	G	.	.	.
16	4179841	rs537803456	T	TTTTATTTATTTA,TTTTATTTA,TTTTA	.	.	.
16	4179841	rs796344330	TTTTA	T,TTTTATTTA,TTTTATTTATTTA,TTTTATTTATTTATTTA	.	.	.
16	4422607	rs7200336	G	T	.	.	.
16	4699319	rs117138557	A	G	.	.	.
16	5146062	rs35630977	C	G	.	.	.
16	5455428	rs34618680	C	A	.	.	.
16	6290082	rs12446766	C	G	.	.	.
16	6954881	rs116525334	C	T	.	.	.
16	7351052	rs202029137	C	CT,T	.	.	.
16	7351052	rs397855234	C	CT	.	.	.
16	7551887	rs732205	G	A	.	.	.
16	7864679	rs28485562	G	C	.	.	.
16	8305699	rs4605143	T	C	.	.	.
16	8320971	rs140745876	A	G	.	.	.
16	8891985	rs73501483	G	C	.	.	.
16	9722018	rs11642494	C	G	.	.	.
16	10216906	rs7204513	C	T	.	.	.
16	10546056	rs112440282	G	A	.	.	.
16	10699412	rs144067595	C	A	.	.	.
16	10757341	rs2111219	A	G	.	.	.
16	10811814	rs73513895	C	T	.	.	.
16	11158491	rs144011219	G	A	.	.	.
16	11389986	rs1690500	C	T	.	.	.
16	12258935	rs6498269	G	A	.	.	.
16	12705698	rs60229053	T	TA,TC	.	.	.
16	14034239	rs3136183	G	A	.	.	.
16	17935399	rs7194393	A	G	.	.	.
16	17990317	rs8043871	A	C	.	.	.
16	19680036	rs2354582	T	C	.	.	.
16	20210745	rs12598000	C	A	.	.	.
16	20314606	rs142517943	C	T	.	.	.
16	22915146	rs208637	C	T	.	.	.
16	23324849	rs7205273	C	T	.	.	.
16	23526094	rs7186729	T	C	.	.	.
16	23925143	rs8050605	A	G,T	.	.	.
16	24155507	rs398974	A	G	.	.	.
16	24977593	rs62035027	C	T	.	.	.
16	25849949	rs4511540	C	T	.	.	.
16	25939694	rs199817484	AAT	AA,AAA,AAAA,A	.	.	.
16	25939695	rs112818196	AT	AA,A	.	.	.
16	26810404	rs518934	G	A	.	.	.
16	27700244	rs76549014	T	G	.	.	.
16	28617514	rs1042028	C	T	.	.	.
16	30558338	rs112146516	G	A	.	.	.
16	33505882	rs55696455	C	T	.	.	.
16	47453080	rs34396829	G	A	.	.	.
16	47941382	rs8064036	T	C	.	.	.
16	49564516	rs8062146	C	G	.	.	.
16	50126320	rs72796159	C	T	.	.	.
16	50294871	rs117546211	C	T	.	.	.
16	51072166	rs7206153	A	C	.	.	.
16	51217639	rs185753287	T	C	.	.	.
16	51995505	rs149853140	CTG	C	.	.	.
16	52240559	rs1641365	G	A,T	.	.	.
16	52773498	rs386790783	CA	CT,TT	.	.	.
16	52773499	rs11640379	A	T	.	.	.
16	52905593	rs9922722	G	C	.	.	.
16	52978884	rs771420951	TCAA	TC,T	.	.	.
16	52978884	rs779465040	TCAAA	TC,TCA,T	.	.	.
16	52978885	rs35041349	CA	CC,C	.	.	.
16	52978885	rs796855303	CAA	C	.	.	.
16	52978885	rs760644338	CAAA	CA,CAA,CAAAA,C	.	.	.
16	52978885	rs776537745	CAAAA	CA,CAA,C	.	.	.
16	52978885	rs59993668	CAAAAA	CA,CAA,C	.	.	.
16	54052751	rs2007336	C	T	.	.	.
16	54648081	rs8062152	A	G	.	.	.
16	54752335	rs117733252	A	G	.	.	.
16	55477024	rs2576547	C	T	.	.	.
16	55867722	rs796704152	TG	T	.	.	.
16	57014411	rs12708983	T	C	.	.	.
16	57934963	rs369117188	T	TGG,TG	.	.	.
16	57934963	rs796975571	TG	T,TGG,TGGG,TT	.	.	.
16	57934963	rs377248574	TGG	T,TG	.	.	.
16	58643060	rs10220952	G	A	.	.	.
16	58645058	rs8043716	T	C	.	.	.
16	58886943	rs62066435	T	C	.	.	.
16	59587988	rs79939373	T	C,G	.	.	.
16	61121984	rs2631804	G	C	.	.	.
16	62535473	rs117520648	C	T	.	.	.
16	65377979	rs73578336	C	T	.	.	.
16	66070596	rs11640392	G	A	.	.	.
16	67518805	rs72790339	A	G	.	.	.
16	67519453	rs80048591	G	A	.	.	.
16	67606882	rs113282006	G	A	.	.	.
16	69003205	rs9926496	C	T	.	.	.
16	69905213	rs3790079	G	C	.	.	.
16	71309460	rs57733528	CAT	C	.	.	.
16	73529760	rs6564272	C	T	.	.	.
16	75561709	rs2550909	C	T	.	.	.
16	76197034	rs12923102	T	G	.	.	.
16	76219550	rs58369242	GTA	G	.	.	.
16	76283445	rs181559288	T	A	.	.	.
16	77718362	rs1449220	G	A	.	.	.
16	78475985	rs28386852	G	A	.	.	.
16	78898017	rs147678273	A	G	.	.	.
16	78906021	rs2252435	T	A	.	.	.
16	79001897	rs16944152	T	C	.	.	.
16	79821495	rs34000270	G	C	.	.	.
16	81199553	rs760916704	GCAGCAC	G	.	.	.
16	81199554	rs12926898	C	T	.	.	.
16	81199554	rs386792883	CA	TG	.	.	.
16	84841178	rs59013757	C	T	.	.	.
16	85747932	rs60758490	G	C	.	.	.
16	87194062	rs12919887	T	C	.	.	.
16	87907361	rs113110743	G	C	.	.	.
16	88358810	rs7205284	G	C	.	.	.
16	88358810	rs796300918	GC	CC,CT	.	.	.
16	88794820	rs185805796	A	G	.	.	.
16	89965988	rs11646270	T	G	.	.	.
17	783049	rs2644700	C	T	.	.	.
17	889305	rs73978314	G	A	.	.	.
17	1698613	rs374743739	TATCTATCTATCTATCTAATC	TATCT,TATCTATCTATCTAATC,T	.	.	.
17	1769021	rs11653938	C	T	.	.	.
17	2112600	rs117966222	G	A	.	.	.
17	2402361	rs75862295	A	C	.	.	.
17	2501036	rs397706544	TTCTC	T	.	.	.
17	2800516	rs12103524	A	C	.	.	.
17	3464595	rs149008328	C	T	.	.	.
17	3500311	rs144321894	C	G	.	.	.
17	3687253	rs73318162	G	A	.	.	.
17	5112086	rs1176629	A	G	.	.	.
17	5287079	rs10600896	TTTATC	T,TTACCATT	.	.	.
17	5448899	rs17765862	T	C	.	.	.
17	6144252	rs57240031	A	G	.	.	.
17	6617233	rs7207927	C	A	.	.	.
17	7212445	rs761190290	GGATGGGGGGGGGCAGTGTAACA	G,GGATGGGGGGGGCAGTGTAACA,GGATGGGGGGGGGGCAGTGTAACA,GGATGGGGGGGGGGGCAGTGTAACA	.	.	.
17	7212448	rs371340314	T	TGG,TG	.	.	.
17	8258048	rs202199908	C	A,CA,CAA,CAAA	.	.	.
17	8258048	rs71159580	C	CAAA,CAA,CA	.	.	.
17	8609722	rs76312116	C	T	.	.	.
17	8883425	rs796155175	CT	C	.	.	.
17	9075727	rs111712557	C	T	.	.	.
17	9572175	rs143262397	CAG	C	.	.	.
17	12353136	rs55707523	A	G	.	.	.
17	13083782	rs766483287	CTTACAG	CCTACAG,C	.	.	.
17	13083783	rs8064611	T	C	.	.	.
17	13214372	rs7207640	A	T	.	.	.
17	13349138	rs147764143	TTTTG	T,TTTTT	.	.	.
17	13349141	rs9895851	TG	T,TT	.	.	.
17	14083000	rs62055998	A	G	.	.	.
17	16816656	rs8067287	A	T	.	.	.
17	16894708	rs560306944	T	C,TC,TG	.	.	.
17	16894708	rs58887677	T	TC,TGC,TG	.	.	.
17	16894708	rs111263305	TC	TCC,T,TG,TGC	.	.	.
17	18261188	rs115210063	T	A,TT,TTT,TTTT	.	.	.
17	18578648	rs138311974	C	G	.	.	.
17	18704832	rs2589686	A	G	.	.	.
17	20558945	rs34062820	A	C	.	.	.
17	20962664	rs58645862	G	A	.	.	.
17	21155586	rs386796112	ATTGTGTC	TCCA	.	.	.
17	21155593	rs200372764	C	A	.	.	.
17	21155593	rs10657185	C	CCA	.	.	.
17	26047381	rs9915818	G	A	.	.	.
17	29163591	rs117662433	T	A	.	.	.
17	29336575	rs373510974	TTGGC	T,TTGGG	.	.	.
17	29336579	rs2048142	C	G,T	.	.	.
17	30081356	rs1558912	A	G	.	.	.
17	31357600	rs9902036	A	G	.	.	.
17	31657608	rs63953	G	A	.	.	.
17	31901311	rs35116272	T	A	.	.	.
17	31978888	rs280045	G	T	.	.	.
17	32333161	rs4514728	G	T	.	.	.
17	32756939	rs77315089	G	A	.	.	.
17	32807667	rs753384891	TCTTTC	TCTTT,T	.	.	.
17	32807671	rs376356998	TC	TCTTT,T	.	.	.
17	32931592	rs78414970	C	T	.	.	.
17	33067235	rs16970316	G	A	.	.	.
17	33497964	rs2086591	C	T	.	.	.
17	34328257	rs77865185	C	T	.	.	.
17	34405167	rs8073437	C	T	.	.	.
17	35087624	rs11653767	A	G	.	.	.
17	35443318	rs540396270	A	ACTAT	.	.	.
17	35443318	rs771292720	ACTAT	A	.	.	.
17	36301631	rs559255533	T	C	.	.	.
17	36301631	rs377649959	T	TAT	.	.	.
17	36581914	rs12603430	T	C	.	.	.
17	36892863	rs148393713	G	A	.	.	.
17	37326350	rs71369724	G	A	.	.	.
17	37625067	rs35855410	T	A	.	.	.
17	40116817	rs386797138	CGCC	CGC,TGG	.	.	.
17	40116819	rs8080979	C	G	.	.	.
17	41511293	rs6503408	C	T	.	.	.
17	43521193	rs62065377	A	G	.	.	.
17	44573873	rs56096744	T	G	.	.	.
17	45331558	rs117414137	C	G	.	.	.
17	47562700	rs885370	A	G	.	.	.
17	47772525	rs17645294	T	C	.	.	.
17	48430534	rs17776549	T	C	.	.	.
17	49074216	rs11658656	A	T	.	.	.
17	49508752	rs2318980	T	C	.	.	.
17	49723878	rs11650339	T	C	.	.	.
17	49932389	rs9904191	A	G	.	.	.
17	50995245	rs141658744	T	C	.	.	.
17	51887201	rs397856835	A	AAAG	.	.	.
17	52930184	rs60129072	A	T	.	.	.
17	53899961	rs1454116	T	C	.	.	.
17	54393314	rs62075284	C	T	.	.	.
17	55225401	rs59521320	C	T	.	.	.
17	57165096	rs7502208	AG	AA,A	.	.	.
17	57165097	rs373003676	GG	A,AG	.	.	.
17	57515467	rs9913467	G	A	.	.	.
17	57628408	rs11651900	G	GT,GTT,GTTT,GTTTT,GTTTTT,GTTTTTT,GTTTTTTTT,GTTTTTTTTT,GTTTTTTTTTT,T	.	.	.
17	57628408	rs563337791	G	GTTTTTTTTT,GTTTTTTTT,GTTTTTT,GTTTTT,GTTTT,GT	.	.	.
17	57827663	rs550034349	A	ATT,AT	.	.	.
17	58580985	rs142502812	G	A	.	.	.
17	63218565	rs9916373	C	T	.	.	.
17	63967635	rs73338623	A	G	.	.	.
17	65289467	rs7226201	C	T	.	.	.
17	66806831	rs60553909	G	A	.	.	.
17	67367192	rs497012	A	G	.	.	.
17	70718862	rs201577180	CT	C	.	.	.
17	70718863	rs148257599	TC	T	.	.	.
17	70908230	rs16977431	G	A	.	.	.
17	74112177	rs71383071	C	T	.	.	.
17	74391594	rs77535221	A	C	.	.	.
17	74915932	rs11868234	C	G	.	.	.
17	75802486	rs55859594	TC	T,TT,TTT,TTTT	.	.	.
17	77293162	rs35561838	C	T	.	.	.
17	77762543	rs138866444	A	G	.	.	.
17	77985070	rs4132551	G	A,T	.	.	.
17	78538558	rs111307499	C	G,T	.	.	.
17	78987758	rs9898224	C	T	.	.	.
17	79280333	rs59886027	G	A	.	.	.
17	79602594	rs77692287	C	G,T	.	.	.
17	79608902	rs201873710	T	TCAAAAACAAAAACAAAAACAAGG,TCAAAAA	.	.	.
18	1647924	rs4369749	T	G	.	.	.
18	1759809	rs11080893	T	A	.	.	.
18	1969795	rs79421518	A	G	.	.	.
18	4310725	rs12959123	A	G	.	.	.
18	5073824	rs4606825	G	A	.	.	.
18	5073824	rs386800632	GCTCCAGTCC	ACTCCAGTCT	.	.	.
18	5672379	rs397733352	T	TCC,TC	.	.	.
18	5964761	rs606266	G	T	.	.	.
18	7240564	rs11873286	G	A	.	.	.
18	7952813	rs147341800	G	A	.	.	.
18	8032935	rs577632720	T	TA	.	.	.
18	9302733	rs58098476	A	G	.	.	.
18	10067577	rs148945954	C	T	.	.	.
18	10444896	rs11661692	G	A	.	.	.
18	11056452	rs4124000	T	G	.	.	.
18	11755318	rs9957311	G	A	.	.	.
18	12178413	rs3865367	A	G	.	.	.
18	12303023	rs9951945	C	T	.	.	.
18	12502753	rs36109961	C	T	.	.	.
18	13003267	rs35563947	G	A	.	.	.
18	13310367	rs540759032	A	G	.	.	.
18	14413503	rs4797921	A	G	.	.	.
18	18513374	rs200161540	G	C	.	.	.
18	18518223	rs112619888	G	A	.	.	.
18	19788788	rs34032607	GT	G,GG	.	.	.
18	20040225	rs518897	A	T	.	.	.
18	20086724	rs535003	T	C	.	.	.
18	21313876	rs117324115	A	C	.	.	.
18	21602937	rs11875232	A	G	.	.	.
18	23125819	rs12150842	T	A	.	.	.
18	24027419	rs1609839	A	G	.	.	.
18	26522040	rs4416099	C	T	.	.	.
18	27111766	rs62088579	T	A	.	.	.
18	27624844	rs71175705	C	CTTCT	.	.	.
18	28145494	rs1351157	G	A	.	.	.
18	29496218	rs62093869	C	T	.	.	.
18	30177605	rs330283	G	C	.	.	.
18	31188140	rs726147	G	A	.	.	.
18	31423124	rs71159852	ATATATATACTCTATATGTATC	A	.	.	.
18	32063581	rs7234416	C	T	.	.	.
18	33110435	rs62100529	C	T	.	.	.
18	34292366	rs4477795	C	T	.	.	.
18	35344206	rs75503995	A	G	.	.	.
18	35821802	rs4374242	C	T	.	.	.
18	36989305	rs376662499	A	T	.	.	.
18	38455250	rs75534105	C	A	.	.	.
18	38465116	rs415415	G	A	.	.	.
18	39960436	rs143764032	T	A	.	.	.
18	40105657	rs7231412	T	C	.	.	.
18	40871938	rs182834565	A	G	.	.	.
18	42952384	rs17744199	C	G	.	.	.
18	43210194	rs1484874	G	A	.	.	.
18	44411954	rs118036342	A	T	.	.	.
18	44413984	rs60496589	C	CTT,CT	.	.	.
18	44413984	rs397820405	CT	CC,C,CTT,CTTT	.	.	.
18	44413984	rs372958025	CTT	C,CT	.	.	.
18	44674094	rs16948914	C	T	.	.	.
18	44857476	rs12960952	C	T	.	.	.
18	45050239	rs4061189	A	T	.	.	.
18	46861464	rs4939861	C	T	.	.	.
18	46875081	rs7505756	C	T	.	.	.
18	48657554	rs567089478	A	G	.	.	.
18	49070488	rs9958249	A	T	.	.	.
18	49185805	rs322511	T	G	.	.	.
18	49275167	rs117726348	C	T	.	.	.
18	51571410	rs7236208	C	T	.	.	.
18	51783006	rs641973	T	C	.	.	.
18	51783006	rs386803429	TG	CA,CG	.	.	.
18	53010348	rs74914300	T	G	.	.	.
18	53533807	rs78998148	G	C,GAAC	.	.	.
18	53533807	rs58840311	G	GAAC	.	.	.
18	53771848	rs72926431	G	T	.	.	.
18	54675384	rs17684074	G	C	.	.	.
18	56774996	rs1016529	T	C	.	.	.
18	57109154	rs7229603	T	C	.	.	.
18	57598602	rs140280065	G	GT	.	.	.
18	57668333	rs146164030	A	C,T	.	.	.
18	57842533	rs1350341	G	A	.	.	.
18	58165959	rs367756739	G	A,GA	.	.	.
18	58165959	rs397812739	G	GA	.	.	.
18	59505797	rs4083955	T	A	.	.	.
18	59538940	rs9965497	C	G	.	.	.
18	59797754	rs72131911	ACATGT	A	.	.	.
18	60276344	rs200619195	AAC	AA,AAA,A	.	.	.
18	60276345	rs28503282	AC	AA,ACA,A	.	.	.
18	61142112	rs767567	G	A	.	.	.
18	61480442	rs1701625	C	T	.	.	.
18	62695590	rs117706539	A	G	.	.	.
18	63028891	rs7238571	T	A,G	.	.	.
18	63226101	rs144515560	TGATAGATAGATA	TAGATAGATAGATA,T,TGATA,TGATAGATA,TGATAGATAGACA,TGATAGATAGACAGATA,TGATAGATAGACAGATAGATA,TGATAGATAGACAGATAGATAGATA,TGATAGATAGATAGATA,TGATAGATAGATAGATAGATA	.	.	.
18	63226108	rs780002946	T	C	.	.	.
18	63226108	rs557174050	T	TAGAC	.	.	.
18	63695726	rs2541761	C	A	.	.	.
18	66602516	rs72634404	A	G	.	.	.
18	67287828	rs140051388	C	T	.	.	.
18	67925390	rs76870841	C	T	.	.	.
18	68568664	rs12605198	A	G	.	.	.
18	68941381	rs767302335	T	TTG	.	.	.
18	68941381	rs796516675	TTG	T	.	.	.
18	69177484	rs74419721	A	AGT,ATG	.	.	.
18	70114455	rs12956651	A	G	.	.	.
18	70665701	rs17798094	T	C	.	.	.
18	72015650	rs12965832	T	G	.	.	.
18	72022659	rs12606663	T	C	.	.	.
18	73677441	rs79620739	G	A	.	.	.
18	74383193	rs8089638	C	A	.	.	.
18	75223156	rs55744567	G	T	.	.	.
18	75611483	rs377296698	ATAT	A	.	.	.
18	75611485	rs201623323	AT	AA,A	.	.	.
18	75611486	rs10641138	T	TTATTATATTATATTATATTATATTATATTA,TTATTATATTATATTATATTATATTA,TTATTATATTATATTATATTA,TTATTATATTATATTATTATATTATATTATATTA,TTATTATATTATATTATTATATTATATTA,TTATTATATTATATTATTATATTA,TTATTATATTATATTATTA,TTATTATATTATATTA,TTATTATATTA,TTATTA,TTA	.	.	.
18	77271091	rs75546700	A	G	.	.	.
18	77307368	rs383068	T	C	.	.	.
19	372421	rs117606744	G	A	.	.	.
19	580799	rs764114106	GCTGGGGGTCCTGGACCCAGCCCTCAGGACTGGGTGAGAGGCCTAGA	G	.	.	.
19	580807	rs757435466	TCCTGGA	T	.	.	.
19	580810	rs71333295	TG	CA,CG	.	.	.
19	580811	rs11879178	G	A	.	.	.
19	1256205	rs112211582	G	T	.	.	.
19	1941976	rs150699553	G	A	.	.	.
19	2335784	rs55673118	C	T	.	.	.
19	2673265	rs773835715	ACAAAAC	AA,AAAAAC,A	.	.	.
19	2673270	rs56933014	AC	AA,A	.	.	.
19	2744175	rs112590727	G	T	.	.	.
19	2981048	rs4807382	A	AA,C,CA	.	.	.
19	3252517	rs73517177	C	T	.	.	.
19	3750689	rs34278595	G	A,C,T	.	.	.
19	3892906	rs796971243	CA	CAA,CC,C	.	.	.
19	4517334	rs759730726	TG	TC,T,TT	.	.	.
19	5209936	rs72981056	C	T	.	.	.
19	5472432	rs35979054	AG	GC	.	.	.
19	5472433	rs12460652	G	C	.	.	.
19	6473827	rs12973997	G	A	.	.	.
19	6604018	rs344584	G	C	.	.	.
19	7165735	rs10419596	A	G	.	.	.
19	7182753	rs8108622	T	A	.	.	.
19	9577030	rs538986739	AAG	AA,A	.	.	.
19	9577031	rs200329852	A	AAG,AG	.	.	.
19	9577031	rs73018190	AG	AA,A	.	.	.
19	9577031	rs758672035	AGAG	A	.	.	.
19	10130430	rs112679566	T	C	.	.	.
19	10437764	rs55779981	T	C	.	.	.
19	11726034	rs772205274	T	TACAGGCCTGA	.	.	.
19	11726034	rs79429408	TACAGGCCTGA	T	.	.	.
19	11853458	rs7250188	C	T	.	.	.
19	12999087	rs112943513	G	T	.	.	.
19	13049156	rs117651954	G	T	.	.	.
19	13267185	rs892020	G	T	.	.	.
19	13500715	rs7258830	T	C	.	.	.
19	14508664	rs796673849	AAG	A	.	.	.
19	14508665	rs2901191	A	C	.	.	.
19	14508665	rs202088746	A	AAG,AGCT	.	.	.
19	15698368	rs12459339	T	C	.	.	.
19	15958682	rs11086001	G	T	.	.	.
19	16094237	rs11666009	T	C	.	.	.
19	16461067	rs10412365	C	G	.	.	.
19	17360878	rs3745168	A	G	.	.	.
19	17480874	rs117157251	A	G	.	.	.
19	20067894	rs75639882	T	A	.	.	.
19	20879976	rs2115094	G	A	.	.	.
19	20998429	rs113930014	A	AT	.	.	.
19	21848526	rs59984853	T	A	.	.	.
19	22074537	rs1628324	C	G	.	.	.
19	22972400	rs4933039	G	A	.	.	.
19	23029434	rs11879853	T	C	.	.	.
19	23066927	rs8101516	C	A	.	.	.
19	28229765	rs575926863	GAGGTGTCTCTATCATTAGACTGCCTGTGGTCAGCC	G	.	.	.
19	28229775	rs561260733	TA	T,TT	.	.	.
19	28854229	rs2098051	A	G	.	.	.
19	28982172	rs200904557	C	CAA,CA	.	.	.
19	29222661	rs17582605	G	A	.	.	.
19	29382459	rs12459220	C	A,T	.	.	.
19	29574489	rs7247189	G	A	.	.	.
19	29853497	rs4804875	A	G	.	.	.
19	29853497	rs74181481	AA	GC	.	.	.
19	33044037	rs141473723	C	A	.	.	.
19	33684895	rs386808755	CGT	AGC	.	.	.
19	33684897	rs12608449	T	C	.	.	.
19	33687750	rs3760890	C	T	.	.	.
19	33846925	rs200755840	A	AT	.	.	.
19	34651790	rs484063	T	C	.	.	.
19	34725766	rs752485986	AAGTT	A	.	.	.
19	34725766	rs779746199	AAGTTATTT	A	.	.	.
19	34725768	rs777586635	GTTAT	G	.	.	.
19	34725768	rs778967001	GTTATTTAT	G,GTTAT,GTTATTTATTTAT	.	.	.
19	35325494	rs12972833	C	T	.	.	.
19	36169725	rs80271322	C	CAAAAAAAAAA,CAAAAAAAAAG,CAAAAAAAAA,CAA,CA	.	.	.
19	37059332	rs376616655	TTGAGGTAC	T	.	.	.
19	37523436	rs7258438	C	G	.	.	.
19	37937876	rs10422667	T	C	.	.	.
19	37939097	rs118145590	T	A	.	.	.
19	40112886	rs4471816	G	T	.	.	.
19	40558941	rs199774399	A	AT	.	.	.
19	41512841	rs3745274	G	A,T	.	.	.
19	41525369	rs56777936	C	G,T	.	.	.
19	41574801	rs62117384	C	T	.	.	.
19	43247139	rs142066414	C	T	.	.	.
19	43308905	rs144782775	C	G	.	.	.
19	44046365	rs58838047	C	CTAATAATAATAA,CTAATAATAA,CTAATAA,CTAA	.	.	.
19	44046365	rs199524517	CTAA	C,CTAATAA,CTAATAATAA,CTAATAATAATAA	.	.	.
19	44046365	rs533039688	CTAATAA	C,CTAA,CTAATAATAA,CTAATAATAATAA,CTAATAATAATAATAA,CTAATAATAATAATAATAA	.	.	.
19	44046365	rs558626436	CTAATAATAA	C,CTAA,CTAATAA,CTAATAATAATAA,CTAATAATAATAATAA,CTAATAATAATAATAATAA	.	.	.
19	44046365	rs200660183	CTAATAATAATAATAA	C,CTAATAA,CTAATAATAA,CTAATAATAATAA,CTAATAATAATAATAATAA,CTAATAATAATAATAATAATAA,CTAATAATAATAATAATAATAATAA	.	.	.
19	45116919	rs143337340	T	TA	.	.	.
19	45269725	rs139326841	T	C	.	.	.
19	46016818	rs73568930	C	T	.	.	.
19	46567132	rs8102630	G	A,C	.	.	.
19	46793566	rs12981749	G	A	.	.	.
19	47754823	rs144035471	C	A	.	.	.
19	48218335	rs549248174	TAAAA	TAAAT,T	.	.	.
19	48218339	rs35834114	A	T	.	.	.
19	48580703	rs11564600	G	A	.	.	.
19	50048507	rs113661129	T	G	.	.	.
19	51065987	rs374556533	G	C,GT,T	.	.	.
19	51065987	rs778453544	G	GT	.	.	.
19	51611263	rs2569433	G	A	.	.	.
19	51683580	rs62115990	C	T	.	.	.
19	52165050	rs10421946	A	C	.	.	.
19	52743981	rs577488982	C	CTT,CT	.	.	.
19	53359278	rs73069448	G	A	.	.	.
19	54109393	rs17273141	G	C	.	.	.
19	54321929	rs150876070	A	G	.	.	.
19	54754865	rs62133136	A	G	.	.	.
19	54755021	rs202197225	G	A	.	.	.
19	55117622	rs200995242	C	CAA,CA	.	.	.
19	55117622	rs34664913	CA	CAA,C	.	.	.
19	55117622	rs35482498	CAA	CA,CAAA,CAAAA,C	.	.	.
19	55171920	rs776736	A	G	.	.	.
19	56230048	rs10451425	G	A	.	.	.
19	56241620	rs76699000	G	A	.	.	.
19	56412786	rs8108610	G	A	.	.	.
19	57086821	rs372258453	AT	A	.	.	.
19	57086821	rs74269125	ATTTTT	A	.	.	.
19	57984918	rs2074058	A	G	.	.	.
19	58303091	rs8103933	A	T	.	.	.
19	58429622	rs78959541	A	G	.	.	.
19	58443325	rs35666013	A	G	.	.	.
19	58658152	rs35711932	A	G	.	.	.
20	847495	rs1556172	C	T	.	.	.
20	1129803	rs6032947	T	C	.	.	.
20	1874724	rs2577669	T	C	.	.	.
20	2348054	rs2422727	G	T	.	.	.
20	3025866	rs56932683	TCAAA	T	.	.	.
20	3753069	rs78975471	C	G	.	.	.
20	3809835	rs533351672	A	G	.	.	.
20	3809835	rs386811889	AGCAATTC	GTGGCT	.	.	.
20	3818663	rs6139213	A	G	.	.	.
20	4035464	rs6139276	C	T	.	.	.
20	4077459	rs4308172	T	C	.	.	.
20	4776387	rs6052887	C	G	.	.	.
20	5391285	rs1980585	A	T	.	.	.
20	6315944	rs76152657	G	A	.	.	.
20	7017852	rs200542281	G	GAA,GA	.	.	.
20	8323783	rs2719776	T	C	.	.	.
20	8415290	rs771942	A	C	.	.	.
20	8599253	rs56660363	A	T	.	.	.
20	10231174	rs363016	C	T	.	.	.
20	10421030	rs6077790	G	A	.	.	.
20	10582748	rs6077845	G	A	.	.	.
20	10819210	rs6077929	T	C	.	.	.
20	11341198	rs58923858	G	GTTGGAC,GTTGGTC	.	.	.
20	11684483	rs11907153	T	C	.	.	.
20	12099568	rs201449500	A	ACTC,C	.	.	.
20	12099568	rs71186190	A	ACTC	.	.	.
20	12300281	rs6078519	A	AT,T	.	.	.
20	12473012	rs6078621	A	G	.	.	.
20	12755515	rs6514322	C	T	.	.	.
20	12874713	rs113916214	G	T	.	.	.
20	13741176	rs186398814	G	A	.	.	.
20	13863623	rs6042410	C	T	.	.	.
20	16074195	rs6080123	C	T	.	.	.
20	16751427	rs76263328	A	G	.	.	.
20	17159076	rs852107	G	A	.	.	.
20	17900741	rs12481429	G	T	.	.	.
20	18177027	rs78195004	CT	CA,CAT,C,CTT	.	.	.
20	18571048	rs397820923	AT	A	.	.	.
20	18621704	rs6136450	C	T	.	.	.
20	19282139	rs73284650	A	G	.	.	.
20	19521911	rs117655958	A	G	.	.	.
20	19797670	rs71198026	GACA	GAGA,G	.	.	.
20	19797672	rs13036330	C	A,G	.	.	.
20	19938322	rs67899359	CCC	CA,CAA,C	.	.	.
20	19938323	rs417965	C	A	.	.	.
20	20276970	rs796315775	CCCTT	CCCTTCCTTCCTTGCTTCCTTCCTTCCTTC,CCTTC,C,CTCTCCTTCCTTC	.	.	.
20	21265523	rs192205536	A	G	.	.	.
20	22874977	rs16984750	C	T	.	.	.
20	22900228	rs77314901	A	G	.	.	.
20	23262770	rs6083072	T	C	.	.	.
20	23413233	rs6048795	A	G	.	.	.
20	23923299	rs73322860	A	G	.	.	.
20	24733667	rs2424660	G	A	.	.	.
20	25716158	rs75236973	T	C,TA	.	.	.
20	26283035	rs148798586	C	T	.	.	.
20	29578970	rs1830544	C	T	.	.	.
20	30632780	rs114847858	G	C	.	.	.
20	32675727	rs6059662	A	G	.	.	.
20	33875960	rs386813866	TGTGACCTCATGGA	GGCCTGGGCACACGGCTGCCCTCAG	.	.	.
20	33875969	rs560605250	ATG	A	.	.	.
20	33875969	rs752666445	ATGG	A	.	.	.
20	34097353	rs2236164	T	C	.	.	.
20	36197570	rs201919735	A	AGAGG,G	.	.	.
20	36197570	rs57515188	A	AGAGG	.	.	.
20	36234336	rs6095461	T	A	.	.	.
20	36244400	rs6125618	T	C	.	.	.
20	36840458	rs6127461	G	C	.	.	.
20	37225274	rs4812062	C	T	.	.	.
20	37966916	rs743155	A	T	.	.	.
20	39228784	rs6102059	C	T	.	.	.
20	41422421	rs11698772	C	T	.	.	.
20	42014549	rs796634184	T	TA	.	.	.
20	42014549	rs201963682	TA	T,TT	.	.	.
20	42260564	rs561193928	CT	C,CTT	.	.	.
20	42650442	rs58154391	A	ATT,AT	.	.	.
20	43850400	rs2233896	C	A	.	.	.
20	44180144	rs4812912	T	C	.	.	.
20	44180144	rs386814477	TG	CA	.	.	.
20	44340847	rs6032460	C	T	.	.	.
20	46781675	rs71352142	G	A	.	.	.
20	47721759	rs67654540	T	C	.	.	.
20	48096608	rs7269864	T	C	.	.	.
20	48222831	rs3091770	CTT	C,CT	.	.	.
20	48222831	rs751632801	CTTT	C,CT,CTT	.	.	.
20	48547687	rs6020137	G	C	.	.	.
20	49265699	rs6063541	A	G	.	.	.
20	49525987	rs6091237	A	C	.	.	.
20	50942196	rs17202840	C	T	.	.	.
20	51118375	rs78187995	T	G,TA	.	.	.
20	51809270	rs73148617	T	C	.	.	.
20	51990379	rs10485447	C	T	.	.	.
20	52257092	rs6022625	T	C,G	.	.	.
20	53428389	rs377338163	G	T	.	.	.
20	53675903	rs113445543	A	G	.	.	.
20	55494720	rs62208743	T	G	.	.	.
20	56608294	rs78989595	A	T	.	.	.
20	58084807	rs151333118	T	C	.	.	.
20	58607602	rs195028	A	G	.	.	.
20	59540698	rs74717570	G	T	.	.	.
20	59656696	rs62200900	G	A	.	.	.
20	59782464	rs73309401	T	A	.	.	.
20	60065118	rs2427131	C	T	.	.	.
20	60298574	rs73611561	T	C	.	.	.
20	60624124	rs62204323	G	A	.	.	.
20	60744006	rs6142718	G	A	.	.	.
20	60853259	rs150025747	C	T	.	.	.
20	61403400	rs7361674	G	A	.	.	.
20	61974138	rs57411036	G	C	.	.	.
21	10829118	rs369549264	T	C,G,TAATGG	.	.	.
21	10829118	rs146538782	T	TAATGGAATGGAATGG,TAATGGAATGG,TAATGG,TCCATT,TTCCAT	.	.	.
21	14450483	rs199813654	G	A	.	.	.
21	14736458	rs3126387	C	A	.	.	.
21	15078794	rs117402027	C	T	.	.	.
21	15387047	rs548172553	G	A	.	.	.
21	15511943	rs12483666	A	T	.	.	.
21	15640160	rs11087987	T	C	.	.	.
21	15684421	rs914114	G	A	.	.	.
21	16545528	rs7279893	T	C	.	.	.
21	16976677	rs117032636	G	A	.	.	.
21	17479861	rs9978593	C	G	.	.	.
21	17986383	rs60914762	C	A	.	.	.
21	17986383	rs386816594	CCT	ATTG	.	.	.
21	17986383	rs556238238	CCTATAT	ATTGATATA	.	.	.
21	18028543	rs2823943	A	T	.	.	.
21	18159548	rs1154724	G	A	.	.	.
21	18208269	rs9978234	G	A	.	.	.
21	18545168	rs558471770	A	G	.	.	.
21	19138435	rs7280504	T	C	.	.	.
21	19649394	rs7278155	A	G	.	.	.
21	19693746	rs3787581	C	T	.	.	.
21	20007415	rs147093743	T	C	.	.	.
21	20159003	rs73210639	A	C	.	.	.
21	21040872	rs141937596	C	T	.	.	.
21	21924581	rs372661270	CA	CC,C	.	.	.
21	21984686	rs113213444	G	A	.	.	.
21	22258506	rs75535707	C	G	.	.	.
21	23356479	rs71323812	A	G	.	.	.
21	23374052	rs62214465	T	A	.	.	.
21	23933664	rs375334762	CAAGCTACAAGTCTCAGATA	C	.	.	.
21	23933676	rs77334624	C	G	.	.	.
21	24405605	rs75591962	T	A	.	.	.
21	24429516	rs13046191	C	T	.	.	.
21	24436431	rs772353034	C	CAT	.	.	.
21	24436431	rs57226912	CAT	C	.	.	.
21	24839962	rs201623424	AC	A	.	.	.
21	25012688	rs2828353	A	G	.	.	.
21	25373088	rs138890986	G	A	.	.	.
21	25851610	rs114913170	G	A	.	.	.
21	25983538	rs9984957	A	AT,T	.	.	.
21	27362252	rs58908134	G	T	.	.	.
21	27501528	rs11910723	G	A	.	.	.
21	27745745	rs386817511	CA	CG,TG	.	.	.
21	27745746	rs219708	A	G	.	.	.
21	28344532	rs2173183	G	A,T	.	.	.
21	28409832	rs447687	G	A	.	.	.
21	28414230	rs796228212	A	ATTT,ATT,AT	.	.	.
21	28414230	rs79440208	AT	AA,A,ATT,ATTT	.	.	.
21	28414230	rs779222754	ATT	A,AT,ATTT,ATTTT,ATTTTT	.	.	.
21	28414230	rs796838523	ATTT	A,AT,ATT,ATTTTT,ATTTTTT	.	.	.
21	28859322	rs2830971	T	C	.	.	.
21	29123957	rs77917791	C	T	.	.	.
21	29123957	rs386817630	CT	TG	.	.	.
21	29378928	rs200861349	A	T	.	.	.
21	29382423	rs1964799	C	T	.	.	.
21	29898309	rs141190749	CT	C	.	.	.
21	29936373	rs7282367	T	C	.	.	.
21	30821606	rs765193201	T	TTGAG	.	.	.
21	30821606	rs374120047	TTGAG	T	.	.	.
21	31082211	rs201350810	AT	A	.	.	.
21	31158825	rs464115	A	G,T	.	.	.
21	31820449	rs2212308	T	C	.	.	.
21	31974876	rs77307787	T	G	.	.	.
21	32732052	rs12482264	C	T	.	.	.
21	32844980	rs13052373	A	G	.	.	.
21	32947213	rs62222912	C	T	.	.	.
21	33015644	rs148997898	C	CA	.	.	.
21	33670219	rs74632550	C	T	.	.	.
21	33685153	rs2409450	G	A	.	.	.
21	33812202	rs3859698	A	G	.	.	.
21	33949059	rs7520	G	A	.	.	.
21	33974322	rs16989559	G	A	.	.	.
21	33974322	rs35987674	G	GA	.	.	.
21	34505787	rs8133892	A	G	.	.	.
21	36012664	rs61419297	G	A	.	.	.
21	36013684	rs2834551	A	G	.	.	.
21	36202775	rs2226303	C	T	.	.	.
21	36383602	rs9984871	A	T	.	.	.
21	36679979	rs75531812	A	G	.	.	.
21	36944945	rs2242925	T	A,AA	.	.	.
21	37553770	rs12329673	T	C	.	.	.
21	38329158	rs2032087	C	A	.	.	.
21	38740940	rs13049226	A	T	.	.	.
21	38861833	rs2835771	C	T	.	.	.
21	38943410	rs4817871	G	C	.	.	.
21	39338228	rs62222010	G	A	.	.	.
21	39511028	rs7509691	G	A	.	.	.
21	39801607	rs142599965	A	G	.	.	.
21	41275399	rs386818608	TCG	CCA,TCA	.	.	.
21	41275401	rs2837284	G	A	.	.	.
21	41305324	rs2837304	A	G	.	.	.
21	41419552	rs2837388	T	C	.	.	.
21	42205584	rs73227937	A	G	.	.	.
21	42936912	rs145013346	C	T	.	.	.
21	43108417	rs61540493	G	A	.	.	.
21	43151947	rs557290844	A	G	.	.	.
21	43439228	rs8127168	C	A,G	.	.	.
21	43671633	rs225374	C	G	.	.	.
21	44152149	rs2269153	G	A	.	.	.
21	44227733	rs2401103	C	T	.	.	.
21	44455985	rs539192000	AAAAT	AAAATAAAT,A	.	.	.
21	44455985	rs146649076	AAAATAAATAAAT	AAAAT,AAAATAAAT,AAAATAAATAAATAAAT,A	.	.	.
21	44723857	rs137943935	T	TG	.	.	.
21	44793448	rs672948	A	T	.	.	.
21	44919774	rs148716675	C	T	.	.	.
21	45252562	rs7282653	A	G	.	.	.
21	45782658	rs80005630	G	A	.	.	.
21	46351134	rs12626759	T	G	.	.	.
21	46807985	rs4818776	C	T	.	.	.
21	47715562	rs10854481	CG	CC,CCATACCTCTCCCC,CCC,C	.	.	.
21	47716680	rs11700648	A	C,G	.	.	.
21	47728618	rs7278971	T	A	.	.	.
21	47728618	rs66635148	TGG	AGG,AGT	.	.	.
21	47888333	rs550612084	A	C	.	.	.
22	17030949	rs2379982	T	C	.	.	.
22	17456879	rs538072272	C	A,CA	.	.	.
22	17456879	rs139267828	C	CA	.	.	.
22	17814148	rs5994269	C	T	.	.	.
22	17912717	rs12157392	T	C	.	.	.
22	18313044	rs5992873	G	A	.	.	.
22	18627461	rs78817617	G	A	.	.	.
22	19063634	rs5993502	A	G	.	.	.
22	19308941	rs5993603	C	T	.	.	.
22	19897204	rs36192687	A	G	.	.	.
22	19960188	rs2518823	T	C	.	.	.
22	20778447	rs10212080	G	A	.	.	.
22	20778447	rs386819785	GC	AA	.	.	.
22	20986255	rs73159179	G	C	.	.	.
22	21566862	rs142150538	G	A	.	.	.
22	22841830	rs397948913	C	CTT	.	.	.
22	23017566	rs573306578	ATTCTTTTT	A	.	.	.
22	23017568	rs77832374	TC	T,TT	.	.	.
22	23017569	rs71318788	C	CTT	.	.	.
22	23017569	rs550963521	CTTTTTTTT	C,CT	.	.	.
22	23201230	rs12483821	G	A	.	.	.
22	23219516	rs370452139	G	A	.	.	.
22	23474972	rs4822359	A	G	.	.	.
22	23581567	rs73152635	A	G	.	.	.
22	23819727	rs2330501	G	A	.	.	.
22	23999182	rs558039435	TTTTG	T	.	.	.
22	23999185	rs2330577	TG	T,TT,TTT	.	.	.
22	24193999	rs113638588	C	G	.	.	.
22	24341250	rs140291	A	G	.	.	.
22	24846477	rs73169823	C	T	.	.	.
22	25001421	rs549391528	TTA	T	.	.	.
22	25580775	rs386820239	CAGACT	AGA	.	.	.
22	25580778	rs112231915	ACT	A	.	.	.
22	25629361	rs6519579	A	G	.	.	.
22	25831340	rs191853227	G	A	.	.	.
22	26550398	rs134750	C	T	.	.	.
22	26556646	rs117836394	G	C	.	.	.
22	26825669	rs192858139	G	T	.	.	.
22	27258789	rs10483129	G	A	.	.	.
22	27533314	rs35669269	G	C	.	.	.
22	27565888	rs714000	A	G	.	.	.
22	27571744	rs796407767	ACG	A	.	.	.
22	27571745	rs58809073	C	CGGGT,CGTGTGT,CGTGT,CGT	.	.	.
22	27571745	rs796369314	CGT	C,CGTGT,CGTGTGT	.	.	.
22	27571745	rs201576308	CGTGT	C,CGT	.	.	.
22	27651773	rs9608594	C	T	.	.	.
22	29148936	rs8142775	G	A	.	.	.
22	29191932	rs35873774	A	G	.	.	.
22	29220483	rs5752806	G	T	.	.	.
22	29350370	rs117793885	T	G	.	.	.
22	29990971	rs34013089	A	G	.	.	.
22	29999878	rs1800540	G	C	.	.	.
22	30502399	rs117745169	A	G	.	.	.
22	30856575	rs2074650	T	C	.	.	.
22	30995613	rs5997697	G	A	.	.	.
22	31077056	rs35613453	G	A	.	.	.
22	31310170	rs5753387	A	G	.	.	.
22	31438581	rs5997852	A	G	.	.	.
22	31463526	rs12170984	C	A	.	.	.
22	32466012	rs130405	T	C	.	.	.
22	33047011	rs3788470	T	G	.	.	.
22	33526067	rs137336	A	T	.	.	.
22	34550590	rs5999226	C	G	.	.	.
22	34574631	rs767273103	ATTGT	A	.	.	.
22	34574632	rs796368968	TTG	T	.	.	.
22	34574632	rs201339695	TTGTG	T	.	.	.
22	34574633	rs5749752	TG	T,TT	.	.	.
22	34648125	rs148674495	T	G	.	.	.
22	34683365	rs11089650	G	A	.	.	.
22	35181028	rs145582654	C	G	.	.	.
22	35878810	rs28532862	A	G	.	.	.
22	35948120	rs41279995	G	A	.	.	.
22	36166493	rs5755943	G	C	.	.	.
22	37118104	rs9619632	C	T	.	.	.
22	37157572	rs130567	T	C	.	.	.
22	37195693	rs80053998	C	CT,CTT,T	.	.	.
22	37195693	rs397724881	C	CTT,CT	.	.	.
22	37352731	rs760090002	C	CTT	.	.	.
22	37352731	rs797020827	CTT	C	.	.	.
22	38431407	rs143452361	G	A	.	.	.
22	38999492	rs71197122	C	CAA,CA	.	.	.
22	39032270	rs760645	C	T	.	.	.
22	41437963	rs148781589	T	C	.	.	.
22	42638411	rs117227008	A	G	.	.	.
22	43103684	rs7285550	C	A	.	.	.
22	43241332	rs5758978	A	C	.	.	.
22	43431837	rs116300674	G	A,T	.	.	.
22	43735753	rs775744180	CCAACCCTCCCCCCACTCTCCTCATTCTATCCCCCCACAAGCATTGCTT	C	.	.	.
22	43735801	rs58112049	T	C	.	.	.
22	43767403	rs695262	A	G	.	.	.
22	43812187	rs11703913	A	G	.	.	.
22	45121797	rs2006176	A	G	.	.	.
22	45131413	rs61031123	G	A	.	.	.
22	45434291	rs117779534	G	A	.	.	.
22	45439659	rs132050	G	A	.	.	.
22	45752299	rs77223685	G	A	.	.	.
22	45828091	rs200858155	C	CA	.	.	.
22	45828091	rs62226847	CA	CAA,CC,C	.	.	.
22	45994189	rs3788673	T	G	.	.	.
22	46659942	rs12167567	G	C	.	.	.
22	46754177	rs715518	C	G	.	.	.
22	47614232	rs8138078	T	C	.	.	.
22	47662784	rs148675381	TTTTG	T	.	.	.
22	47730490	rs74767249	C	G	.	.	.
22	48025728	rs560301013	G	A,GATA	.	.	.
22	48025728	rs148673573	G	GATA	.	.	.
22	48512284	rs9680604	T	C	.	.	.
22	49040844	rs9617404	C	T	.	.	.
22	49203679	rs9628553	C	T	.	.	.
22	49219536	rs11204485	G	A,AA	.	.	.
22	49326797	rs139325677	TTTCCTTCCTTCC	T	.	.	.
22	49326801	rs796650187	CTTCCTTCC	T,TTTCTTTCT	.	.	.
22	49326805	rs201851451	C	T	.	.	.
22	49387406	rs796724852	AG	GA	.	.	.
22	49387407	rs8135750	G	A	.	.	.
22	49459505	rs748745750	AGAGCCCCTGGGGAGGGAGCTGCTCTCAGGGCG	A	.	.	.
22	49459507	rs386822462	AGCCCCTGGGGAGGGAGCTGCTCTCAGGGCGGGGTGTGCAGA	G	.	.	.
22	49459536	rs9808878	C	A,T	.	.	.
22	49730075	rs848747	A	C	.	.	.
22	49962954	rs135839	A	G	.	.	.
22	50978931	rs131786	C	T	.	.	.
